Close,Date
8331.75,11/30/2023
8383.6,11/29/2023
8277.35,11/28/2023
8280.35,11/27/2023
8329.95,11/24/2023
8306.35,11/23/2023
8252.84,11/22/2023
8323.5,11/21/2023
8340.1,11/20/2023
8168.05,11/17/2023
8121.85,11/16/2023
8172.1,11/15/2023
8080.5,11/14/2023
8081.29,11/13/2023
8005.6,11/10/2023
8030.25,11/9/2023
8087.75,11/8/2023
8067.65,11/7/2023
8136.25,11/6/2023
8070.25,11/3/2023
8065.65,11/2/2023
8029.8,11/1/2023
8037.15,10/31/2023
8109.65,10/30/2023
7963.5,10/27/2023
7938.9,10/26/2023
7945.65,10/25/2023
7900.25,10/24/2023
7900.61,10/23/2023
7879.61,10/20/2023
7927.85,10/19/2023
7901.35,10/18/2023
7846.4,10/17/2023
7919.15,10/16/2023
7875.85,10/13/2023
7994.65,10/12/2023
7943.5,10/11/2023
7907.4,10/10/2023
8015.4,10/9/2023
7886.75,10/6/2023
7812.25,10/5/2023
7910.25,10/4/2023
7958.8,10/3/2023
8100.4,10/2/2023
8230.35,9/29/2023
8111.9,9/28/2023
8056.35,9/27/2023
8034,9/26/2023
8104.65,9/25/2023
8161.59,9/22/2023
8129.55,9/21/2023
8276,9/20/2023
8233,9/19/2023
8299.8,9/18/2023
8376.5,9/15/2023
8422.85,9/14/2023
8353,9/13/2023
8337.5,9/12/2023
8332.35,9/11/2023
8223.75,9/8/2023
8242.5,9/7/2023
8394.5,9/6/2023
8427.5,9/5/2023
8418,9/4/2023
8513.65,9/1/2023
8358.8,8/31/2023
8445.4,8/30/2023
8374,8/29/2023
8381.5,8/25/2023
8358.5,8/24/2023
8424.1,8/23/2023
8330.55,8/22/2023
8239.25,8/21/2023
8213.6,8/18/2023
8200.7,8/17/2023
8131,8/16/2023
8126.5,8/15/2023
8241,8/14/2023
8241,8/11/2023
8423.5,8/10/2023
8394,8/9/2023
8276,8/8/2023
8494.7,8/7/2023
8450.5,8/4/2023
8570.35,8/3/2023
8543.5,8/2/2023
8720.25,8/1/2023
8800.15,7/31/2023
8591.5,7/28/2023
8578.1,7/27/2023
8532.85,7/26/2023
8596.15,7/25/2023
8429.3,7/24/2023
8421.65,7/21/2023
8542.15,7/20/2023
8353.65,7/19/2023
8409,7/18/2023
8467.85,7/17/2023
8651,7/14/2023
8583.85,7/13/2023
8365.75,7/12/2023
8370.75,7/11/2023
8285.85,7/10/2023
8298.15,7/7/2023
8279,7/6/2023
8250.65,7/5/2023
8348.35,7/4/2023
8355,7/3/2023
8210,6/30/2023
8165.35,6/29/2023
8267.65,6/28/2023
8366.5,6/27/2023
8436.15,6/26/2023
8488.85,6/23/2023
8670.4,6/22/2023
8606.1,6/21/2023
8562.35,6/20/2023
8546,6/19/2023
8554.85,6/16/2023
8478.65,6/15/2023
8509.25,6/14/2023
8421.1,6/13/2023
8287,6/12/2023
8368,6/9/2023
8242.9,6/8/2023
8352,6/7/2023
8310.65,6/6/2023
8265,6/5/2023
8337,6/2/2023
8210.5,6/1/2023
8016.2,5/31/2023
8121.15,5/30/2023
8081.35,5/26/2023
7914.6,5/25/2023
7909.65,5/24/2023
8035.59,5/23/2023
8093.5,5/22/2023
8222,5/19/2023
8171.5,5/18/2023
8175.35,5/17/2023
8076,5/16/2023
8218.25,5/15/2023
8239.15,5/12/2023
8267,5/11/2023
8436.1,5/10/2023
8562.1,5/9/2023
8486.85,5/5/2023
8474.75,5/4/2023
8485.5,5/3/2023
8490.15,5/2/2023
8569.85,4/28/2023
8465.1,4/27/2023
8535.1,4/26/2023
8520.75,4/25/2023
8709.85,4/24/2023
8815.5,4/21/2023
8874,4/20/2023
8874.85,4/19/2023
9004.25,4/18/2023
8962.8,4/17/2023
9030.1,4/14/2023
9001.25,4/13/2023
8802.35,4/12/2023
8837.35,4/11/2023
8835.75,4/6/2023
8776,4/5/2023
8927.5,4/4/2023
8916.85,4/3/2023
8935,3/31/2023
9040,3/30/2023
9049.5,3/29/2023
8933.35,3/28/2023
8875.35,3/27/2023
8926.85,3/24/2023
8916,3/23/2023
8880.05,3/22/2023
8760.85,3/21/2023
8701.1,3/20/2023
8620.35,3/17/2023
8508.6,3/16/2023
8522.5,3/15/2023
8808.85,3/14/2023
8650.75,3/13/2023
8752.35,3/10/2023
8807.85,3/9/2023
8810,3/8/2023
8823,3/7/2023
8818,3/6/2023
8942.5,3/3/2023
8894.85,3/2/2023
9066.5,3/1/2023
8843.35,2/28/2023
8749.85,2/27/2023
8805.85,2/24/2023
9059.35,2/23/2023
9120.35,2/22/2023
9103.4,2/21/2023
9012.35,2/20/2023
8870.5,2/17/2023
8891.3,2/16/2023
8826,2/15/2023
8931.1,2/14/2023
8911.35,2/13/2023
8904.85,2/10/2023
8952.04,2/9/2023
9006,2/8/2023
8864.15,2/7/2023
8891.35,2/6/2023
9057.35,2/3/2023
9113.9,2/2/2023
9172.65,2/1/2023
9074.85,1/31/2023
9226.35,1/30/2023
9345.35,1/27/2023
9288.15,1/26/2023
9257.85,1/25/2023
9307.6,1/24/2023
9340,1/23/2023
9230.85,1/20/2023
9188.85,1/19/2023
9435.35,1/18/2023
9112.8,1/17/2023
9145.25,1/16/2023
9106.75,1/13/2023
9071.4,1/12/2023
8986.5,1/11/2023
8766.5,1/10/2023
8721.75,1/9/2023
8362.25,1/6/2023
8418.85,1/5/2023
8208.75,1/4/2023
8389.85,1/3/2023
8386.25,12/30/2022
8394.5,12/29/2022
8450.5,12/28/2022
8327.85,12/23/2022
8290.25,12/22/2022
8327,12/21/2022
8301.5,12/20/2022
8195.22,12/19/2022
8231.5,12/16/2022
8382.65,12/15/2022
8414.5,12/14/2022
8380.5,12/13/2022
8371,12/12/2022
8490.5,12/9/2022
8537,12/8/2022
8333.5,12/7/2022
8355.25,12/6/2022
8440,12/5/2022
8342,12/2/2022
8216.5,12/1/2022
8197,11/30/2022
8035.25,11/29/2022
7965.3,11/28/2022
8067.5,11/25/2022
8002.85,11/24/2022
7962,11/23/2022
7993.5,11/22/2022
7900.35,11/21/2022
8046.9,11/18/2022
8155,11/17/2022
8314.5,11/16/2022
8342.85,11/15/2022
8345.5,11/14/2022
8440.5,11/11/2022
8062.5,11/10/2022
8033.85,11/9/2022
7973,11/8/2022
7953.85,11/7/2022
7902.35,11/4/2022
7509.5,11/3/2022
7702.5,11/2/2022
7742.35,11/1/2022
7522.5,10/31/2022
7619.25,10/28/2022
7775.85,10/27/2022
7762,10/26/2022
7534.85,10/25/2022
7540,10/24/2022
7543,10/21/2022
7585.5,10/20/2022
7455.6,10/19/2022
7482.85,10/18/2022
7647.35,10/17/2022
7687.75,10/14/2022
7662.5,10/13/2022
7625.5,10/12/2022
7587,10/11/2022
7652.65,10/10/2022
7575.2,10/7/2022
7743.65,10/6/2022
7660.5,10/5/2022
7595.6,10/4/2022
7523.15,10/3/2022
7647,9/30/2022
7660.25,9/29/2022
7519.85,9/28/2022
7421.85,9/27/2022
7448.65,9/26/2022
7445.65,9/23/2022
7738.75,9/22/2022
7796,9/21/2022
7795.5,9/20/2022
7771.15,9/19/2022
7790.75,9/16/2022
7805.85,9/15/2022
7862.35,9/14/2022
8229.85,9/13/2022
8025,9/12/2022
7984.5,9/9/2022
7905.5,9/8/2022
7729,9/7/2022
7706,9/6/2022
7652.25,9/5/2022
7585.75,9/2/2022
7701.5,9/1/2022
7719.85,8/31/2022
7910,8/30/2022
8188.4,8/26/2022
8166.85,8/25/2022
8058.1,8/24/2022
8170.6,8/23/2022
8075.95,8/22/2022
8100.7,8/19/2022
8045.1,8/18/2022
7925.4,8/17/2022
7974.85,8/16/2022
7865.1,8/15/2022
8062.65,8/12/2022
8139,8/11/2022
7975.5,8/10/2022
7971.4,8/9/2022
7834.65,8/8/2022
7830.35,8/5/2022
7641,8/4/2022
7773.65,8/3/2022
7818.5,8/2/2022
7929.75,8/1/2022
7800.35,7/29/2022
7765.6,7/28/2022
7551.35,7/27/2022
7520.1,7/26/2022
7463.6,7/25/2022
7371.15,7/22/2022
7231.25,7/21/2022
7357.85,7/20/2022
7281,7/19/2022
7319,7/18/2022
6999,7/15/2022
7216,7/14/2022
7266,7/13/2022
7370.45,7/12/2022
7622.5,7/11/2022
7787.35,7/8/2022
7834,7/7/2022
7525.35,7/6/2022
7806.65,7/5/2022
8035.15,7/4/2022
7975.1,7/1/2022
8242.65,6/30/2022
8445.65,6/29/2022
8501,6/28/2022
8352.5,6/27/2022
8280.5,6/24/2022
8396.85,6/23/2022
8773.65,6/22/2022
8995.64,6/21/2022
8989.35,6/20/2022
8967.15,6/17/2022
9079.9,6/16/2022
9256.5,6/15/2022
9262.6,6/14/2022
9289.5,6/13/2022
9536.75,6/10/2022
9629,6/9/2022
9690.85,6/8/2022
9611,6/7/2022
9711.85,6/6/2022
9452.65,6/1/2022
9500.35,5/31/2022
9537.35,5/30/2022
9382.75,5/27/2022
9345.35,5/26/2022
9286,5/25/2022
9460.15,5/24/2022
9588.35,5/23/2022
9450.85,5/20/2022
9460.35,5/19/2022
9264.25,5/18/2022
9386.1,5/17/2022
9255.3,5/16/2022
9063.85,5/13/2022
9018.3,5/12/2022
9365.85,5/11/2022
9347.35,5/10/2022
9160,5/9/2022
9428,5/6/2022
9540.5,5/5/2022
9474,5/4/2022
9510.85,5/3/2022
9820.5,4/29/2022
9695.85,4/28/2022
9907.5,4/27/2022
9863.35,4/26/2022
9783.65,4/25/2022
10248,4/22/2022
10267.8,4/21/2022
10215,4/20/2022
10380.75,4/19/2022
10276.5,4/14/2022
10290.35,4/13/2022
10201,4/12/2022
10235.5,4/11/2022
10387.5,4/8/2022
10292,4/7/2022
10350.5,4/6/2022
10425.85,4/5/2022
10301.25,4/4/2022
10246.25,4/1/2022
10367.36,3/31/2022
10390.1,3/30/2022
10349,3/29/2022
10226.15,3/28/2022
10278.85,3/25/2022
10326.75,3/24/2022
10310.85,3/23/2022
10341,3/22/2022
10172.85,3/21/2022
10247.85,3/18/2022
10165.65,3/17/2022
10100.35,3/16/2022
9825.15,3/15/2022
9877.65,3/14/2022
10142.35,3/11/2022
10052,3/10/2022
10050.85,3/9/2022
10160.9,3/8/2022
10729.85,3/7/2022
10466,3/4/2022
10470,3/3/2022
10257.4,3/2/2022
9975,3/1/2022
9972.85,2/28/2022
9919.15,2/25/2022
9982.65,2/24/2022
10004,2/23/2022
10018.85,2/22/2022
9959.75,2/21/2022
10012.5,2/18/2022
10007.5,2/17/2022
10045.25,2/16/2022
10017.35,2/15/2022
9880,2/14/2022
10040,2/11/2022
10220,2/10/2022
9880.85,2/9/2022
9757.65,2/8/2022
9849.85,2/7/2022
9875,2/4/2022
9782.5,2/3/2022
9877.35,2/2/2022
9700.5,2/1/2022
9617.5,1/31/2022
9678,1/28/2022
9872,1/27/2022
9962.35,1/26/2022
9835.6,1/25/2022
9762.85,1/24/2022
9983.85,1/21/2022
10018.1,1/20/2022
9863.85,1/19/2022
9685.35,1/18/2022
9748.85,1/17/2022
9730.1,1/14/2022
9972.1,1/13/2022
9972.25,1/12/2022
10081,1/11/2022
9664.6,1/10/2022
9691.85,1/7/2022
9542.6,1/6/2022
9708.1,1/5/2022
9788.35,1/4/2022
9691.5,12/31/2021
9712.5,12/30/2021
9652.35,12/29/2021
9594.85,12/24/2021
9605.5,12/23/2021
9638.85,12/22/2021
9520.9,12/21/2021
9462.85,12/20/2021
9467.35,12/17/2021
9505.5,12/16/2021
9214.35,12/15/2021
9406.35,12/14/2021
9434.85,12/13/2021
9506.75,12/10/2021
9577.5,12/9/2021
9555.4,12/8/2021
9646.5,12/7/2021
9558.1,12/6/2021
9512.15,12/3/2021
9519.85,12/2/2021
9570.25,12/1/2021
9602.65,11/30/2021
9751,11/29/2021
9629.5,11/26/2021
9931.85,11/25/2021
9851,11/24/2021
9825.5,11/23/2021
9729.5,11/22/2021
9620.45,11/19/2021
9449.85,11/18/2021
9494.85,11/17/2021
9679.9,11/16/2021
9844.75,11/15/2021
9854.5,11/12/2021
9850,11/11/2021
9790.85,11/10/2021
9999.85,11/9/2021
9882.65,11/8/2021
9739.85,11/5/2021
9784.9,11/4/2021
9825,11/3/2021
9817.15,11/2/2021
9872.35,11/1/2021
9952.5,10/29/2021
9857.75,10/28/2021
9667.15,10/27/2021
9985.35,10/26/2021
10049.85,10/25/2021
9990.85,10/22/2021
10050.85,10/21/2021
10160,10/20/2021
10651,10/19/2021
10499.6,10/18/2021
10552.5,10/15/2021
9970.65,10/14/2021
9660.35,10/13/2021
9584.65,10/12/2021
9604.6,10/11/2021
9387.6,10/8/2021
9289.35,10/7/2021
9052.45,10/6/2021
9176.85,10/5/2021
9257.35,10/4/2021
9134.85,10/1/2021
9040.3,9/30/2021
9173.85,9/29/2021
9262.85,9/28/2021
9372.35,9/27/2021
9343.6,9/24/2021
9284.3,9/23/2021
9254.85,9/22/2021
9105.9,9/21/2021
9145.4,9/20/2021
9435.4,9/17/2021
9348.35,9/16/2021
9488.1,9/15/2021
9406.75,9/14/2021
9626.65,9/13/2021
9515,9/10/2021
9369.1,9/9/2021
9226.35,9/8/2021
9330.75,9/7/2021
9441.1,9/6/2021
9420.35,9/3/2021
9364.11,9/2/2021
9332.1,9/1/2021
9528.1,8/31/2021
9423.6,8/27/2021
9314.85,8/26/2021
9362.35,8/25/2021
9378.35,8/24/2021
9301.6,8/23/2021
9043.85,8/20/2021
8893.85,8/19/2021
9148.65,8/18/2021
9226.6,8/17/2021
9419.35,8/16/2021
9542.35,8/13/2021
9435.6,8/12/2021
9482.25,8/11/2021
9409.5,8/10/2021
9311.75,8/9/2021
9445.85,8/6/2021
9471.36,8/5/2021
9443.6,8/4/2021
9521.35,8/3/2021
9674.55,8/2/2021
9700.85,7/30/2021
9781,7/29/2021
9697.15,7/28/2021
9709.15,7/27/2021
9580,7/26/2021
9433.35,7/23/2021
9382.5,7/22/2021
9271.35,7/21/2021
9303.9,7/20/2021
9264.65,7/19/2021
9396.65,7/16/2021
9436.8,7/15/2021
9309.15,7/14/2021
9310.2,7/13/2021
9347.15,7/12/2021
9437.5,7/9/2021
9264.3,7/8/2021
9451.35,7/7/2021
9280.89,7/6/2021
9432,7/5/2021
9296.5,7/2/2021
9342,7/1/2021
9385,6/30/2021
9225.35,6/29/2021
9333.7,6/28/2021
9432.5,6/25/2021
9390.5,6/24/2021
9289.5,6/23/2021
9190.5,6/22/2021
9042.5,6/21/2021
9205.8,6/18/2021
9427.3,6/17/2021
9508,6/16/2021
9552.5,6/15/2021
9955,6/14/2021
10029.25,6/11/2021
9808.5,6/10/2021
9877.25,6/9/2021
9878.5,6/8/2021
9848,6/7/2021
9852,6/4/2021
10113.5,6/3/2021
10117.5,6/2/2021
10212.35,6/1/2021
10159.7,5/28/2021
10032.65,5/27/2021
9965,5/26/2021
9943.15,5/25/2021
9868.15,5/24/2021
10010.8,5/21/2021
10086.15,5/20/2021
10114.65,5/19/2021
10465,5/18/2021
10257.15,5/17/2021
10211.85,5/14/2021
10253.5,5/13/2021
10537,5/12/2021
10527.85,5/11/2021
10724.5,5/10/2021
10361.15,5/7/2021
10025.5,5/6/2021
9991.5,5/5/2021
9960.8,5/4/2021
9948.85,4/30/2021
9990,4/29/2021
9832.5,4/28/2021
9898.25,4/27/2021
9758.2,4/26/2021
9545.75,4/23/2021
9475.5,4/22/2021
9382.5,4/21/2021
9396.5,4/20/2021
9415,4/19/2021
9336,4/16/2021
9297.4,4/15/2021
9011,4/14/2021
8904,4/13/2021
8901.15,4/12/2021
8992.85,4/9/2021
9001.5,4/8/2021
8984.3,4/6/2021
8767.8,4/1/2021
8850.65,3/31/2021
8788.5,3/30/2021
8942.35,3/29/2021
8929.15,3/26/2021
8781,3/25/2021
9016.2,3/24/2021
9016.5,3/23/2021
9098.5,3/22/2021
9072.35,3/19/2021
9090,3/18/2021
9026.8,3/17/2021
8965.35,3/16/2021
9147.5,3/15/2021
9052.65,3/12/2021
9062.5,3/11/2021
8939,3/10/2021
8895,3/9/2021
8992.5,3/8/2021
9021.5,3/5/2021
8786.5,3/4/2021
9266,3/3/2021
9213.3,3/2/2021
9089.15,3/1/2021
9172.5,2/26/2021
9614.3,2/25/2021
9340.2,2/24/2021
9158,2/23/2021
9067.35,2/22/2021
8806.5,2/19/2021
8649.75,2/18/2021
8413.5,2/17/2021
8423.85,2/16/2021
8416.5,2/15/2021
8270.3,2/12/2021
8292.15,2/11/2021
8279.3,2/10/2021
8157.6,2/9/2021
8007,2/8/2021
7936.65,2/5/2021
7833.65,2/4/2021
7832.35,2/3/2021
7755.5,2/2/2021
7827.15,2/1/2021
7877,1/29/2021
7778.3,1/28/2021
7894.85,1/27/2021
7957,1/26/2021
7984.5,1/25/2021
7993.65,1/22/2021
8014.1,1/21/2021
8014.3,1/20/2021
7986.5,1/19/2021
7972.5,1/18/2021
7925.5,1/15/2021
8002.25,1/14/2021
7994.3,1/13/2021
7983.15,1/12/2021
7951.5,1/11/2021
8146,1/8/2021
8036.5,1/7/2021
8129.5,1/6/2021
7914,1/5/2021
7918.5,1/4/2021
7748.85,12/31/2020
7803.35,12/30/2020
7845.4,12/29/2020
7770.6,12/24/2020
7764.5,12/23/2020
7753.15,12/22/2020
7826.15,12/21/2020
7968.6,12/18/2020
7892.85,12/17/2020
7813.35,12/16/2020
7753,12/15/2020
7724,12/14/2020
7741,12/11/2020
7712,12/10/2020
7704.5,12/9/2020
7634.85,12/8/2020
7656.5,12/7/2020
7735,12/4/2020
7679,12/3/2020
7616.35,12/2/2020
7688.15,12/1/2020
7569.4,11/30/2020
7462,11/27/2020
7356.5,11/26/2020
7238.5,11/25/2020
7302,11/24/2020
7215.5,11/23/2020
7178.35,11/20/2020
7076.1,11/19/2020
7083,11/18/2020
7050,11/17/2020
7113.15,11/16/2020
6926,11/13/2020
6904,11/12/2020
6912.3,11/11/2020
6865.35,11/10/2020
7033.8,11/9/2020
6964.5,11/6/2020
6798,11/5/2020
6748,11/4/2020
6791.5,11/3/2020
6712.5,11/2/2020
6694.65,10/30/2020
6692,10/29/2020
6694.5,10/28/2020
6787.3,10/27/2020
6805.8,10/26/2020
6879.5,10/23/2020
6887,10/22/2020
6953,10/21/2020
6813.85,10/20/2020
6755,10/19/2020
6727.85,10/16/2020
6683.35,10/15/2020
6702.35,10/14/2020
6699.5,10/13/2020
6769.15,10/12/2020
6740.35,10/9/2020
6611.5,10/8/2020
6569,10/7/2020
6509.2,10/6/2020
6507.5,10/5/2020
6409.65,10/2/2020
6614,10/1/2020
6610.15,9/30/2020
6546.2,9/29/2020
6571.65,9/28/2020
6543.35,9/25/2020
6538.5,9/24/2020
6616.95,9/23/2020
6810,9/22/2020
6837,9/21/2020
6833.5,9/18/2020
6761,9/17/2020
6793.55,9/16/2020
6813.5,9/15/2020
6814.35,9/14/2020
6757.65,9/11/2020
6710.35,9/10/2020
6709,9/9/2020
6695.45,9/8/2020
6790.3,9/7/2020
6729.7,9/4/2020
6613,9/3/2020
6719,9/2/2020
6788.5,9/1/2020
6727.85,8/28/2020
6602.5,8/27/2020
6615.2,8/26/2020
6544.3,8/25/2020
6579.35,8/24/2020
6564.5,8/21/2020
6594.5,8/20/2020
6667,8/19/2020
6492.5,8/18/2020
6482,8/17/2020
6342.65,8/14/2020
6379.85,8/13/2020
6379,8/12/2020
6356.7,8/11/2020
6363,8/10/2020
6437,8/7/2020
6453.65,8/6/2020
6525.65,8/5/2020
6440,8/4/2020
6441,8/3/2020
6446.25,7/31/2020
6433.5,7/30/2020
6475.2,7/29/2020
6399.5,7/28/2020
6425.5,7/27/2020
6412.35,7/24/2020
6533.3,7/23/2020
6526.85,7/22/2020
6513.15,7/21/2020
6416.3,7/20/2020
6454.35,7/17/2020
6385,7/16/2020
6507,7/15/2020
6489.5,7/14/2020
6544.85,7/13/2020
6322.65,7/10/2020
6339.3,7/9/2020
6193.85,7/8/2020
6086.15,7/7/2020
6112,7/6/2020
6022.65,7/3/2020
6079.8,7/2/2020
6016.65,7/1/2020
6037.85,6/30/2020
5957,6/29/2020
5985.5,6/26/2020
5880.3,6/25/2020
5871.15,6/24/2020
5895.2,6/23/2020
5824.85,6/22/2020
5835.15,6/19/2020
5799.15,6/18/2020
5734.25,6/17/2020
5759.5,6/16/2020
5646,6/15/2020
5785.65,6/12/2020
5801.35,6/11/2020
5876,6/10/2020
5680.3,6/9/2020
5659,6/8/2020
5588,6/5/2020
5452.65,6/4/2020
5498.85,6/3/2020
5463,6/2/2020
5376.65,6/1/2020
5332.25,5/29/2020
5278.65,5/28/2020
5308.35,5/27/2020
5341.35,5/26/2020
5242.35,5/22/2020
5386.85,5/21/2020
5333.15,5/20/2020
5314,5/19/2020
5249.5,5/18/2020
5165.25,5/15/2020
5155.5,5/14/2020
5212.5,5/13/2020
5234,5/12/2020
5231,5/11/2020
5227.3,5/7/2020
5199.5,5/6/2020
5111.35,5/5/2020
5061,5/1/2020
5230.8,4/30/2020
5183.85,4/29/2020
5169.3,4/28/2020
5165.5,4/27/2020
5118.15,4/24/2020
5120.35,4/23/2020
5033.85,4/22/2020
4994.5,4/21/2020
5169.5,4/20/2020
5175.5,4/17/2020
5098.5,4/16/2020
5039.3,4/15/2020
5119,4/14/2020
4963.5,4/9/2020
4976,4/8/2020
5067.5,4/7/2020
4867,4/6/2020
4863.5,4/3/2020
4821.5,4/2/2020
4771.85,4/1/2020
4796.85,3/31/2020
4763,3/30/2020
4774.2,3/27/2020
4775.3,3/26/2020
4754,3/25/2020
4789.5,3/24/2020
4617.5,3/23/2020
4854.85,3/20/2020
4684.85,3/19/2020
4860.35,3/18/2020
5203.85,3/17/2020
5265.75,3/16/2020
5530.1,3/13/2020
5386.25,3/12/2020
5551.65,3/11/2020
5521.95,3/10/2020
5482.85,3/9/2020
5623.5,3/6/2020
5667.25,3/5/2020
5694.35,3/4/2020
5667.5,3/3/2020
5639.5,3/2/2020
5572,2/28/2020
5617.9,2/27/2020
5613.75,2/26/2020
5662.75,2/25/2020
5657.35,2/24/2020
5701.5,2/21/2020
5729,2/20/2020
5755,2/19/2020
5727.35,2/18/2020
5801.25,2/17/2020
5736.15,2/14/2020
5715.75,2/13/2020
5746,2/12/2020
5695.5,2/11/2020
5659.25,2/10/2020
5652.5,2/7/2020
5725.5,2/6/2020
5713.35,2/5/2020
5651,2/4/2020
5595,2/3/2020
5569.65,1/31/2020
5620.65,1/30/2020
5697.85,1/29/2020
5714.5,1/28/2020
5778.75,1/27/2020
5899.9,1/24/2020
6049,1/23/2020
6103.25,1/22/2020
6158,1/21/2020
6244.5,1/20/2020
6276.5,1/17/2020
6300.5,1/16/2020
6231.35,1/15/2020
6246.5,1/14/2020
6265.1,1/13/2020
6155,1/10/2020
6155.75,1/9/2020
6153.75,1/8/2020
6134.25,1/7/2020
6097.25,1/6/2020
6076,1/3/2020
6165.25,1/2/2020
6155.75,12/31/2019
6183.25,12/30/2019
6210.85,12/27/2019
6184.1,12/24/2019
6153,12/23/2019
6155.45,12/20/2019
6160.65,12/19/2019
6126.4,12/18/2019
6174.75,12/17/2019
6155.45,12/16/2019
6153.9,12/13/2019
6096.15,12/12/2019
6082.95,12/11/2019
6055,12/10/2019
5984.7,12/9/2019
5867.25,12/6/2019
5854.7,12/5/2019
5822.75,12/4/2019
5811.5,12/3/2019
5855.5,12/2/2019
5853.75,11/29/2019
5881.3,11/28/2019
5925.45,11/27/2019
5907.9,11/26/2019
5872.4,11/25/2019
5833.95,11/22/2019
5812.95,11/21/2019
5872.5,11/20/2019
5821.4,11/19/2019
5815,11/18/2019
5811.75,11/15/2019
5834.7,11/14/2019
5822.75,11/13/2019
5838,11/12/2019
5856.95,11/11/2019
5951.1,11/8/2019
5940.7,11/7/2019
5913.45,11/6/2019
5879,11/5/2019
5846.1,11/4/2019
5795.85,11/1/2019
5824.25,10/31/2019
5882.25,10/30/2019
5906.4,10/29/2019
5888.5,10/28/2019
5866.85,10/25/2019
5868.85,10/24/2019
5772.85,10/23/2019
5793.6,10/22/2019
5819.15,10/21/2019
5750.35,10/18/2019
5726.25,10/17/2019
5683.75,10/16/2019
5739.75,10/15/2019
5718.25,10/14/2019
5763,10/11/2019
5698.5,10/10/2019
5659,10/9/2019
5650.25,10/8/2019
5625.65,10/7/2019
5608,10/4/2019
5628.25,10/3/2019
5643,10/2/2019
5655.25,10/1/2019
5695.25,9/30/2019
5736.25,9/27/2019
5693.25,9/26/2019
5757,9/25/2019
5753.25,9/24/2019
5750.25,9/23/2019
5770,9/20/2019
5761.5,9/19/2019
5779.75,9/18/2019
5789.5,9/17/2019
5844,9/16/2019
5949.25,9/13/2019
5803.25,9/12/2019
5738.75,9/11/2019
5796.5,9/10/2019
5790,9/9/2019
5809.25,9/6/2019
5825,9/5/2019
5724.25,9/4/2019
5584.5,9/3/2019
5593.5,9/2/2019
5655.75,8/30/2019
5710.25,8/29/2019
5673,8/28/2019
5661.75,8/27/2019
5613,8/23/2019
5660.5,8/22/2019
5706.75,8/21/2019
5682.75,8/20/2019
5745.5,8/19/2019
5719.5,8/16/2019
5727.25,8/15/2019
5739,8/14/2019
5804.5,8/13/2019
5715.75,8/12/2019
5732,8/9/2019
5775.75,8/8/2019
5680,8/7/2019
5656.25,8/6/2019
5660.25,8/5/2019
5703.75,8/2/2019
5875,8/1/2019
5902.25,7/31/2019
5925,7/30/2019
6000,7/29/2019
5941,7/26/2019
5986.5,7/25/2019
5978.75,7/24/2019
5946,7/23/2019
5997,7/22/2019
6055.25,7/19/2019
5970.5,7/18/2019
5968,7/17/2019
6000,7/16/2019
5976,7/15/2019
5928.75,7/12/2019
5948,7/11/2019
5928.5,7/10/2019
5808.5,7/9/2019
5873.25,7/8/2019
5890.25,7/5/2019
5909,7/4/2019
5908.75,7/3/2019
5868.5,7/2/2019
5937.75,7/1/2019
5982,6/28/2019
5976.5,6/27/2019
5971,6/26/2019
6025.5,6/25/2019
5941.25,6/24/2019
5957.5,6/21/2019
5960.5,6/20/2019
5897,6/19/2019
5925,6/18/2019
5818,6/17/2019
5797.75,6/14/2019
5830.5,6/13/2019
5823,6/12/2019
5857.5,6/11/2019
5860.25,6/10/2019
5777.75,6/7/2019
5790.25,6/6/2019
5783,6/5/2019
5854.25,6/4/2019
5816,6/3/2019
5806,5/31/2019
5822,5/30/2019
5854,5/29/2019
5941,5/28/2019
5932,5/24/2019
5901,5/23/2019
5894,5/22/2019
5965,5/21/2019
6003.75,5/20/2019
6033,5/17/2019
6071,5/16/2019
6053.75,5/15/2019
5997,5/14/2019
5986.5,5/13/2019
6108,5/10/2019
6089,5/9/2019
6129.75,5/8/2019
6168.75,5/7/2019
6229.25,5/3/2019
6166,5/2/2019
6225.25,5/1/2019
6426.75,4/30/2019
6402.5,4/29/2019
6398.75,4/26/2019
6358.5,4/25/2019
6444.75,4/24/2019
6394.25,4/23/2019
6460.75,4/18/2019
6537,4/17/2019
6469,4/16/2019
6452,4/15/2019
6463.5,4/12/2019
6390.5,4/11/2019
6448.5,4/10/2019
6476.25,4/9/2019
6459.75,4/8/2019
6385.25,4/5/2019
6436.75,4/4/2019
6484,4/3/2019
6413.5,4/2/2019
6465,4/1/2019
6486.5,3/29/2019
6360,3/28/2019
6336,3/27/2019
6337.5,3/26/2019
6337,3/25/2019
6314.5,3/22/2019
6433,3/21/2019
6483.5,3/20/2019
6469,3/19/2019
6458,3/18/2019
6445.75,3/15/2019
6416,3/14/2019
6501.5,3/13/2019
6498,3/12/2019
6435,3/11/2019
6423,3/8/2019
6460,3/7/2019
6499.5,3/6/2019
6548,3/5/2019
6462,3/4/2019
6525,3/1/2019
6555.5,2/28/2019
6546,2/27/2019
6521.5,2/26/2019
6524.5,2/25/2019
6519,2/22/2019
6394.5,2/21/2019
6428,2/20/2019
6344,2/19/2019
6333,2/18/2019
6193,2/15/2019
6137.25,2/14/2019
6123.5,2/13/2019
6091.75,2/12/2019
6135.75,2/11/2019
6190.75,2/8/2019
6228,2/7/2019
6260.5,2/6/2019
6217,2/5/2019
6150.5,2/4/2019
6115.75,2/1/2019
6151.25,1/31/2019
6120.25,1/30/2019
6032.5,1/29/2019
5979,1/28/2019
6037.5,1/25/2019
5894,1/24/2019
5919.25,1/23/2019
5904.25,1/22/2019
5951.5,1/21/2019
6029.5,1/18/2019
5964.75,1/17/2019
5938.25,1/16/2019
5886,1/15/2019
5867,1/14/2019
5920,1/11/2019
5907.75,1/10/2019
5936.75,1/9/2019
5886.5,1/8/2019
5904.25,1/7/2019
5897.25,1/4/2019
5713.75,1/3/2019
5819,1/2/2019
5949,12/31/2018
5987,12/28/2018
5969,12/27/2018
5931.75,12/24/2018
5967.5,12/21/2018
5977.5,12/20/2018
5990.5,12/19/2018
5944.75,12/18/2018
6095.5,12/17/2018
6127.75,12/14/2018
6158.5,12/13/2018
6144.75,12/12/2018
6170.5,12/11/2018
6088.5,12/10/2018
6149,12/7/2018
6079.5,12/6/2018
6175,12/5/2018
6212.5,12/4/2018
6312.5,12/3/2018
6227,11/30/2018
6247.5,11/29/2018
6244,11/28/2018
6155.25,11/27/2018
6221,11/26/2018
6236.5,11/23/2018
6286.25,11/22/2018
6269,11/21/2018
6206,11/20/2018
6292.5,11/19/2018
6223.5,11/16/2018
6198,11/15/2018
6107.5,11/14/2018
6088.5,11/13/2018
6073.75,11/12/2018
6078.5,11/9/2018
6172.5,11/8/2018
6171,11/7/2018
6184,11/6/2018
6206.5,11/5/2018
6319,11/2/2018
6102.5,11/1/2018
6036.5,10/31/2018
6076.5,10/30/2018
6178.5,10/29/2018
6207,10/26/2018
6253,10/25/2018
6188,10/24/2018
6194.5,10/23/2018
6242.75,10/22/2018
6228,10/19/2018
6157.5,10/18/2018
6216,10/17/2018
6202.25,10/16/2018
6303,10/15/2018
6319,10/12/2018
6258.25,10/11/2018
6251,10/10/2018
6300.25,10/9/2018
6174.25,10/8/2018
6167,10/5/2018
6288.25,10/4/2018
6262.5,10/3/2018
6288,10/2/2018
6258.5,10/1/2018
6263.5,9/28/2018
6182,9/27/2018
6270,9/26/2018
6314.75,9/25/2018
6355,9/24/2018
6379.5,9/21/2018
6075,9/20/2018
6096.5,9/19/2018
6064,9/18/2018
5920,9/17/2018
5950.75,9/14/2018
6013.5,9/13/2018
5981.25,9/12/2018
5843.75,9/11/2018
5891.5,9/10/2018
5915,9/7/2018
5904,9/6/2018
5854.25,9/5/2018
5796,9/4/2018
5945,9/3/2018
5968,8/31/2018
6062.5,8/30/2018
6073,8/29/2018
6091.5,8/24/2018
5967,8/23/2018
5980,8/22/2018
6018,8/21/2018
5961.5,8/20/2018
5889.5,8/17/2018
5901,8/16/2018
5759,8/15/2018
6009,8/14/2018
6123.25,8/13/2018
6160.25,8/10/2018
6198.5,8/9/2018
6144,8/8/2018
6142.75,8/7/2018
6103.5,8/6/2018
6178.25,8/3/2018
6110.5,8/2/2018
6147,8/1/2018
6279.25,7/31/2018
6223.5,7/30/2018
6274.25,7/27/2018
6266.5,7/26/2018
6262,7/25/2018
6264.75,7/24/2018
6096.75,7/23/2018
6122.5,7/20/2018
6039.5,7/19/2018
6123.5,7/18/2018
6116,7/17/2018
6165,7/16/2018
6216.75,7/13/2018
6210.25,7/12/2018
6130,7/11/2018
6321,7/10/2018
6382.75,7/9/2018
6278.5,7/6/2018
6344,7/5/2018
6387.75,7/4/2018
6487.25,7/3/2018
6524.75,7/2/2018
6625,6/29/2018
6628.5,6/28/2018
6693.5,6/27/2018
6715.5,6/26/2018
6748.5,6/25/2018
6791.5,6/22/2018
6788.75,6/21/2018
6763.75,6/20/2018
6832,6/19/2018
6971,6/18/2018
7019,6/15/2018
7173,6/14/2018
7251,6/13/2018
7209.5,6/12/2018
7255.5,6/11/2018
7324,6/8/2018
7330.5,6/7/2018
7211.25,6/6/2018
7095.25,6/5/2018
6973.25,6/4/2018
6882.75,6/1/2018
6844.75,5/31/2018
6830.5,5/30/2018
6865.25,5/25/2018
6857.75,5/24/2018
6841.5,5/23/2018
6950.25,5/22/2018
6844.25,5/21/2018
6825.25,5/18/2018
6857,5/17/2018
6795,5/16/2018
6769.5,5/15/2018
6856.25,5/14/2018
6908.5,5/11/2018
6884,5/10/2018
6774.25,5/9/2018
6790,5/4/2018
6791.75,5/3/2018
6784.5,5/2/2018
6707.25,5/1/2018
6770,4/30/2018
6758.75,4/27/2018
6928.5,4/26/2018
6969.75,4/25/2018
6970,4/24/2018
6898.5,4/23/2018
6951,4/20/2018
6941.5,4/19/2018
6980.25,4/18/2018
6828,4/17/2018
6876.25,4/16/2018
6796.5,4/13/2018
6787.25,4/12/2018
6912.25,4/11/2018
6908.25,4/10/2018
6790.25,4/9/2018
6729.5,4/6/2018
6780.75,4/5/2018
6690.75,4/4/2018
6679.25,3/29/2018
6633.5,3/28/2018
6606.5,3/27/2018
6556,3/26/2018
6617.75,3/23/2018
6652.5,3/22/2018
6760.5,3/21/2018
6724.5,3/20/2018
6819.5,3/19/2018
6864.25,3/16/2018
6887.5,3/15/2018
6952.75,3/14/2018
6915.25,3/13/2018
6937.5,3/9/2018
6799.75,3/8/2018
6909.75,3/7/2018
6965.75,3/6/2018
6874.25,3/5/2018
6863.5,3/2/2018
6886.5,3/1/2018
6894.5,2/28/2018
6985.75,2/27/2018
7077.75,2/26/2018
7062.25,2/23/2018
7126.5,2/22/2018
7078,2/21/2018
7047.75,2/20/2018
7076.5,2/19/2018
7191,2/16/2018
7143,2/15/2018
7120.75,2/14/2018
6944.75,2/13/2018
6788,2/12/2018
6711.75,2/9/2018
6803.75,2/8/2018
6836.25,2/7/2018
7032.25,2/6/2018
7128.75,2/5/2018
7003.75,2/2/2018
7077.5,2/1/2018
7078.75,1/31/2018
7009.5,1/30/2018
7041,1/29/2018
7042.5,1/26/2018
7100.75,1/25/2018
7111,1/24/2018
6882.5,1/23/2018
7025,1/22/2018
6999.25,1/19/2018
7032,1/18/2018
6994.25,1/17/2018
7035.75,1/16/2018
7181.25,1/15/2018
7074.25,1/12/2018
7102.75,1/11/2018
7112.75,1/10/2018
7059.5,1/9/2018
7080,1/8/2018
7078.5,1/5/2018
7145.75,1/4/2018
7101,1/3/2018
7160.75,1/2/2018
7207,12/29/2017
7253.75,12/28/2017
7202.25,12/27/2017
7085,12/22/2017
7043,12/21/2017
6997.75,12/20/2017
6905.75,12/19/2017
6874.25,12/18/2017
6855,12/15/2017
6761,12/14/2017
6691.75,12/13/2017
6626.5,12/12/2017
6634.5,12/11/2017
6536.75,12/8/2017
6530,12/7/2017
6517.5,12/6/2017
6513,12/5/2017
6800.75,12/4/2017
6808.5,12/1/2017
6735,11/30/2017
6730.75,11/29/2017
6776.25,11/28/2017
6915.5,11/27/2017
6980,11/24/2017
6937.25,11/23/2017
6923,11/22/2017
6877.5,11/21/2017
6797.25,11/20/2017
6743.5,11/17/2017
6702.75,11/16/2017
6736.25,11/15/2017
6720,11/14/2017
6860.75,11/13/2017
6753.75,11/10/2017
6778,11/9/2017
6825.5,11/8/2017
6792.75,11/7/2017
6937,11/6/2017
6864.5,11/3/2017
6898,11/2/2017
6898.75,11/1/2017
6816.75,10/31/2017
6839,10/30/2017
6800.5,10/27/2017
6961,10/26/2017
6983.75,10/25/2017
7009.75,10/24/2017
6975.25,10/23/2017
6921.5,10/20/2017
6934,10/19/2017
6949,10/18/2017
6996,10/17/2017
7122,10/16/2017
6859,10/13/2017
6861.25,10/12/2017
6756,10/11/2017
6706.25,10/10/2017
6615.25,10/9/2017
6616.5,10/6/2017
6658.25,10/5/2017
6471.25,10/4/2017
6468.75,10/3/2017
6446.25,10/2/2017
6432.25,9/29/2017
6473.5,9/28/2017
6390,9/27/2017
6353,9/26/2017
6404.25,9/25/2017
6415.75,9/22/2017
6440,9/21/2017
6482,9/20/2017
6488.25,9/19/2017
6474.75,9/18/2017
6461,9/15/2017
6455.75,9/14/2017
6511.25,9/13/2017
6627.25,9/12/2017
6729.25,9/11/2017
6672.25,9/8/2017
6873.75,9/7/2017
6875.5,9/6/2017
6869.5,9/5/2017
6886.75,9/4/2017
6804.5,9/1/2017
6759.5,8/31/2017
6740,8/30/2017
6772,8/29/2017
6648.5,8/25/2017
6663.25,8/24/2017
6537.25,8/23/2017
6547.25,8/22/2017
6551.25,8/21/2017
6452.25,8/18/2017
6456.25,8/17/2017
6496.5,8/16/2017
6344,8/15/2017
6367.5,8/14/2017
6383,8/11/2017
6393.75,8/10/2017
6426.75,8/9/2017
6451.5,8/8/2017
6384.25,8/7/2017
6347.75,8/4/2017
6325.75,8/3/2017
6322.25,8/2/2017
6313.25,8/1/2017
6336.25,7/31/2017
6295.5,7/28/2017
6298.25,7/27/2017
6297.75,7/26/2017
6197.25,7/25/2017
5994.75,7/24/2017
5971,7/21/2017
5925.25,7/20/2017
5929.5,7/19/2017
5973.5,7/18/2017
5971,7/17/2017
5905.25,7/14/2017
5853.5,7/13/2017
5879.5,7/12/2017
5847.25,7/11/2017
5796,7/10/2017
5804,7/7/2017
5824,7/6/2017
5814,7/5/2017
5867.25,7/4/2017
5906.75,7/3/2017
5927,6/30/2017
5931.25,6/29/2017
5866.5,6/28/2017
5838,6/27/2017
5771.25,6/26/2017
5780.5,6/23/2017
5723.5,6/22/2017
5717.5,6/21/2017
5630.5,6/20/2017
5702.75,6/19/2017
5639,6/16/2017
5636.25,6/15/2017
5668.5,6/14/2017
5685.5,6/13/2017
5743,6/12/2017
5779.5,6/9/2017
5703.75,6/8/2017
5591.75,6/7/2017
5586,6/6/2017
5597.75,6/5/2017
5640,6/2/2017
5675,6/1/2017
5657.75,5/31/2017
5633.25,5/30/2017
5638,5/26/2017
5706,5/25/2017
5662.5,5/24/2017
5695,5/23/2017
5689,5/22/2017
5665.25,5/19/2017
5562,5/18/2017
5592.5,5/17/2017
5594.75,5/16/2017
5593.25,5/15/2017
5538.75,5/12/2017
5521.25,5/11/2017
5475.25,5/10/2017
5486.25,5/9/2017
5461.75,5/8/2017
5563,5/5/2017
5518,5/4/2017
5566.75,5/3/2017
5770.5,5/2/2017
5710.5,4/28/2017
5668.75,4/27/2017
5689,4/26/2017
5677.5,4/25/2017
5624.5,4/24/2017
5594,4/21/2017
5596.5,4/20/2017
5523.25,4/19/2017
5539,4/18/2017
5660,4/13/2017
5601.25,4/12/2017
5739.75,4/11/2017
5714.25,4/10/2017
5798.75,4/7/2017
5826.5,4/6/2017
5865.25,4/5/2017
5752.75,4/4/2017
5728.75,4/3/2017
5816,3/31/2017
5938,3/30/2017
5884,3/29/2017
5849.25,3/28/2017
5736.5,3/27/2017
5777,3/24/2017
5797.5,3/23/2017
5780,3/22/2017
5747.5,3/21/2017
5855,3/20/2017
5916.5,3/17/2017
5890.25,3/16/2017
5843,3/15/2017
5798.25,3/14/2017
5776.5,3/13/2017
5716.25,3/10/2017
5672.5,3/9/2017
5747.25,3/8/2017
5754.75,3/7/2017
5843.75,3/6/2017
5905.75,3/3/2017
5918,3/2/2017
6003,3/1/2017
5966.5,2/28/2017
5924,2/27/2017
5915,2/24/2017
5844.75,2/23/2017
6025.75,2/22/2017
6045.5,2/21/2017
6058.25,2/20/2017
5945,2/17/2017
5983,2/16/2017
6048,2/15/2017
6004.25,2/14/2017
6103.5,2/13/2017
6082.5,2/10/2017
5808.75,2/9/2017
5878,2/8/2017
5779.5,2/7/2017
5835.75,2/6/2017
5763.75,2/3/2017
5870.5,2/2/2017
5936,2/1/2017
5994.25,1/31/2017
5811,1/30/2017
5883.5,1/27/2017
5838,1/26/2017
5922.25,1/25/2017
5926,1/24/2017
5773.5,1/23/2017
5730,1/20/2017
5713.5,1/19/2017
5740.5,1/18/2017
5731.25,1/17/2017
5843.5,1/16/2017
5883.75,1/13/2017
5813.75,1/12/2017
5689.75,1/11/2017
5736,1/10/2017
5570,1/9/2017
5569.25,1/6/2017
5560.5,1/5/2017
5629,1/4/2017
5486.5,1/3/2017
5523,12/30/2016
5470,12/29/2016
5531.75,12/28/2016
5455.75,12/23/2016
5504,12/22/2016
5500.75,12/21/2016
5488.5,12/20/2016
5486.5,12/19/2016
5629.75,12/16/2016
5723.5,12/15/2016
5715.75,12/14/2016
5677.5,12/13/2016
5751,12/12/2016
5822,12/9/2016
5781.25,12/8/2016
5779.25,12/7/2016
5875.75,12/6/2016
5945,12/5/2016
5758,12/2/2016
5788,12/1/2016
5813.25,11/30/2016
5690,11/29/2016
5865.75,11/28/2016
5864.5,11/25/2016
5853.5,11/24/2016
5724.5,11/23/2016
5597,11/22/2016
5543.5,11/21/2016
5412,11/18/2016
5485.25,11/17/2016
5424.5,11/16/2016
5530,11/15/2016
5552.5,11/14/2016
5540.75,11/11/2016
5587.5,11/10/2016
5399,11/9/2016
5218.75,11/8/2016
5079.75,11/7/2016
4977.5,11/4/2016
4947,11/3/2016
4906.25,11/2/2016
4907.75,11/1/2016
4841,10/31/2016
4831.5,10/28/2016
4781.5,10/27/2016
4732.75,10/26/2016
4722.25,10/25/2016
4618.75,10/24/2016
4614.25,10/21/2016
4632.5,10/20/2016
4650,10/19/2016
4659.75,10/18/2016
4653.5,10/17/2016
4655.25,10/14/2016
4691.5,10/13/2016
4791.25,10/12/2016
4791.5,10/11/2016
4829.25,10/10/2016
4758.25,10/7/2016
4737.5,10/6/2016
4778.25,10/5/2016
4785.5,10/4/2016
4800.5,10/3/2016
4848,9/30/2016
4825.25,9/29/2016
4801,9/28/2016
4768.75,9/27/2016
4819.25,9/26/2016
4833,9/23/2016
4835,9/22/2016
4739.75,9/21/2016
4769.25,9/20/2016
4753.25,9/19/2016
4771.5,9/16/2016
4764.5,9/15/2016
4754.5,9/14/2016
4633.25,9/13/2016
4628.75,9/12/2016
4614.5,9/9/2016
4646.5,9/8/2016
4631.75,9/7/2016
4603,9/6/2016
4611.25,9/5/2016
4616.5,9/2/2016
4620,9/1/2016
4605.75,8/31/2016
4595,8/30/2016
4603.5,8/26/2016
4617,8/25/2016
4615,8/24/2016
4692.5,8/23/2016
4733.5,8/22/2016
4785.75,8/19/2016
4793,8/18/2016
4759,8/17/2016
4800,8/16/2016
4759.75,8/15/2016
4749,8/12/2016
4840,8/11/2016
4816.25,8/10/2016
4769.25,8/9/2016
4799.5,8/8/2016
4779.25,8/5/2016
4787,8/4/2016
4844.5,8/3/2016
4885.5,8/2/2016
4907,8/1/2016
4853,7/29/2016
4862,7/28/2016
4869.5,7/27/2016
4862,7/26/2016
4920,7/25/2016
4956,7/22/2016
4953.5,7/21/2016
4900.5,7/20/2016
4938,7/19/2016
4839,7/18/2016
4945.5,7/15/2016
4911.5,7/14/2016
4918.5,7/13/2016
4811.5,7/12/2016
4746,7/11/2016
4710,7/8/2016
4725,7/7/2016
4706,7/6/2016
4840.5,7/5/2016
4920,7/4/2016
4783.5,7/1/2016
4827,6/30/2016
4780,6/29/2016
4777.5,6/28/2016
4692,6/27/2016
4663,6/24/2016
4747,6/23/2016
4687.5,6/22/2016
4587,6/21/2016
4585,6/20/2016
4521.5,6/17/2016
4524.5,6/16/2016
4632,6/15/2016
4510.5,6/14/2016
4515,6/13/2016
4504,6/10/2016
4546,6/9/2016
4590.5,6/8/2016
4589,6/7/2016
4706,6/6/2016
4688,6/3/2016
4600,6/2/2016
4601,6/1/2016
4700,5/31/2016
4725.5,5/27/2016
4705.5,5/26/2016
4636,5/25/2016
4637,5/24/2016
4572,5/23/2016
4630.5,5/20/2016
4596,5/19/2016
4600.5,5/18/2016
4634,5/17/2016
4640.5,5/16/2016
4660,5/13/2016
4744,5/12/2016
4748,5/11/2016
4710,5/10/2016
4739.5,5/9/2016
4810,5/6/2016
4826,5/5/2016
4892,5/4/2016
4960,5/3/2016
5045,4/29/2016
4912.5,4/28/2016
4932,4/27/2016
4935.5,4/26/2016
5000.5,4/25/2016
5015.5,4/22/2016
5025.5,4/21/2016
4938.5,4/20/2016
4812,4/19/2016
4798,4/18/2016
4813.5,4/15/2016
4830.5,4/14/2016
4838,4/13/2016
4715.5,4/12/2016
4645,4/11/2016
4654,4/8/2016
4715,4/7/2016
4775,4/6/2016
4776,4/5/2016
4816,4/4/2016
4880,4/1/2016
4855.5,3/31/2016
4940,3/30/2016
4939.5,3/29/2016
4931,3/24/2016
5060.5,3/23/2016
5070,3/22/2016
5079.5,3/21/2016
5103,3/18/2016
5029,3/17/2016
4945,3/16/2016
4920,3/15/2016
4994,3/14/2016
4941,3/11/2016
4920.5,3/10/2016
4935.5,3/9/2016
4980.5,3/8/2016
5000,3/7/2016
4918,3/4/2016
4830,3/3/2016
4780,3/2/2016
4726,3/1/2016
4705,2/29/2016
4681,2/26/2016
4655,2/25/2016
4585.5,2/24/2016
4663.5,2/23/2016
4696,2/22/2016
4590,2/19/2016
4577,2/18/2016
4562,2/17/2016
4583.5,2/16/2016
4562,2/15/2016
4488.5,2/12/2016
4474,2/11/2016
4507,2/10/2016
4530.5,2/9/2016
4572.5,2/8/2016
4669,2/5/2016
4685,2/4/2016
4578.5,2/3/2016
4605.5,2/2/2016
4534,2/1/2016
4541.5,1/29/2016
4553.5,1/28/2016
4507.5,1/27/2016
4501,1/26/2016
4454,1/25/2016
4468,1/22/2016
4376,1/21/2016
4347,1/20/2016
4440.5,1/19/2016
4360,1/18/2016
4310.5,1/15/2016
4365.5,1/14/2016
4380,1/13/2016
4355,1/12/2016
4402.5,1/11/2016
4486.5,1/8/2016
4514,1/7/2016
4600,1/6/2016
4647,1/5/2016
4645,1/4/2016
4702,12/31/2015
4715,12/30/2015
4685,12/29/2015
4665.5,12/24/2015
4680,12/23/2015
4672.5,12/22/2015
4691,12/21/2015
4650,12/18/2015
4550,12/17/2015
4583,12/16/2015
4586,12/15/2015
4640,12/14/2015
4667,12/11/2015
4572,12/10/2015
4620,12/9/2015
4567.5,12/8/2015
4592.5,12/7/2015
4637,12/4/2015
4525,12/3/2015
4589,12/2/2015
4619,12/1/2015
4595.5,11/30/2015
4636,11/27/2015
4667,11/26/2015
4541,11/25/2015
4527,11/24/2015
4515.5,11/23/2015
4690,11/20/2015
4610,11/19/2015
4669,11/18/2015
4700,11/17/2015
4765,11/16/2015
4825,11/13/2015
4872.5,11/12/2015
4931,11/11/2015
4933.5,11/10/2015
4990,11/9/2015
5000,11/6/2015
5053,11/5/2015
5165.5,11/4/2015
5149,11/3/2015
5137.5,11/2/2015
5135.5,10/30/2015
5161,10/29/2015
5179,10/28/2015
5219.5,10/27/2015
5233,10/26/2015
5295,10/23/2015
5274,10/22/2015
5185.5,10/21/2015
5189,10/20/2015
5240,10/19/2015
5270,10/16/2015
5344,10/15/2015
5278,10/14/2015
5260.5,10/13/2015
5335,10/12/2015
5319,10/9/2015
5160,10/8/2015
5241,10/7/2015
5175,10/6/2015
5144.5,10/5/2015
5081,10/2/2015
5178,10/1/2015
5093,9/30/2015
5010,9/29/2015
4965,9/28/2015
5098,9/25/2015
5046,9/24/2015
5112,9/23/2015
5131,9/22/2015
5267,9/21/2015
5358,9/18/2015
5369,9/17/2015
5350,9/16/2015
5290,9/15/2015
5324,9/14/2015
5352,9/11/2015
5400,9/10/2015
5366,9/9/2015
5280,9/8/2015
5176,9/7/2015
5155.5,9/4/2015
5250,9/3/2015
5090.5,9/2/2015
5095,9/1/2015
5095,8/28/2015
5029,8/27/2015
4959,8/26/2015
5032,8/25/2015
4888,8/24/2015
5046,8/21/2015
5060.5,8/20/2015
5006.5,8/19/2015
5000.5,8/18/2015
5101,8/17/2015
5156,8/14/2015
5148,8/13/2015
5103,8/12/2015
5140,8/11/2015
5150,8/10/2015
5135.5,8/7/2015
5165,8/6/2015
5171.5,8/5/2015
5215.5,8/4/2015
5176.5,8/3/2015
5220,7/31/2015
5241,7/30/2015
5302,7/29/2015
5239.5,7/28/2015
5190,7/27/2015
5224.5,7/24/2015
5340,7/23/2015
5350.5,7/22/2015
5475.5,7/21/2015
5425,7/20/2015
5465,7/17/2015
5530,7/16/2015
5597,7/15/2015
5502.5,7/14/2015
5605.5,7/13/2015
5561.5,7/10/2015
5576,7/9/2015
5375,7/8/2015
5440.5,7/7/2015
5570,7/6/2015
5761.5,7/3/2015
5761,7/2/2015
5755.5,7/1/2015
5721,6/30/2015
5767,6/29/2015
5731,6/26/2015
5715.5,6/25/2015
5765,6/24/2015
5725,6/23/2015
5646,6/22/2015
5663,6/19/2015
5761,6/18/2015
5749,6/17/2015
5752,6/16/2015
5760.5,6/15/2015
5888.5,6/12/2015
5906,6/11/2015
6045.5,6/10/2015
5989,6/9/2015
5915,6/8/2015
5924.5,6/5/2015
5954,6/4/2015
5992,6/3/2015
5998.5,6/2/2015
5970.5,6/1/2015
6088.5,5/29/2015
6117,5/28/2015
6085,5/27/2015
6134.5,5/26/2015
6197.5,5/22/2015
6240,5/21/2015
6208,5/20/2015
6270,5/19/2015
6383,5/18/2015
6356,5/15/2015
6399,5/14/2015
6416,5/13/2015
6448,5/12/2015
6363,5/11/2015
6396.5,5/8/2015
6437,5/7/2015
6400.5,5/6/2015
6410,5/5/2015
6362,5/1/2015
6245,4/30/2015
6103,4/29/2015
6090.5,4/28/2015
6061,4/27/2015
6025.5,4/24/2015
5935,4/23/2015
5927,4/22/2015
5975,4/21/2015
6002,4/20/2015
6081,4/17/2015
6054,4/16/2015
5920.5,4/15/2015
5916.5,4/14/2015
6011.5,4/13/2015
6055,4/10/2015
6050,4/9/2015
6055,4/8/2015
6041,4/7/2015
6001.5,4/2/2015
6019.5,4/1/2015
6050.5,3/31/2015
6110,3/30/2015
6146,3/27/2015
6230,3/26/2015
6134.5,3/25/2015
6128,3/24/2015
6093.5,3/23/2015
5920,3/20/2015
5835,3/19/2015
5692.5,3/18/2015
5765,3/17/2015
5853,3/16/2015
5860,3/13/2015
5865.5,3/12/2015
5786,3/11/2015
5783.5,3/10/2015
5800,3/9/2015
5826.5,3/6/2015
5856,3/5/2015
5882,3/4/2015
5855,3/3/2015
5896,3/2/2015
5880.5,2/27/2015
5935.5,2/26/2015
5805,2/25/2015
5715,2/24/2015
5657,2/23/2015
5707,2/20/2015
5720,2/19/2015
5690,2/18/2015
5665.5,2/17/2015
5712,2/16/2015
5731,2/13/2015
5695,2/12/2015
5645.5,2/11/2015
5591,2/10/2015
5666,2/9/2015
5692,2/6/2015
5595,2/5/2015
5708,2/4/2015
5695,2/3/2015
5535.5,2/2/2015
5505,1/30/2015
5390.5,1/29/2015
5485.5,1/28/2015
5557,1/27/2015
5490,1/26/2015
5581,1/23/2015
5742,1/22/2015
5630.5,1/21/2015
5760.5,1/20/2015
5671,1/19/2015
5660,1/16/2015
5719,1/15/2015
5627,1/14/2015
5915,1/13/2015
6131,1/12/2015
6151,1/9/2015
6230.5,1/8/2015
6170,1/7/2015
6191,1/6/2015
6216,1/5/2015
6309,1/2/2015
6359,12/31/2014
6330,12/30/2014
6332,12/29/2014
6361,12/24/2014
6363,12/23/2014
6426.5,12/22/2014
6445.5,12/19/2014
6350.5,12/18/2014
6306,12/17/2014
6390,12/16/2014
6560,12/15/2014
6526.5,12/12/2014
6471.5,12/11/2014
6476,12/10/2014
6401,12/9/2014
6465.5,12/8/2014
6536,12/5/2014
6491,12/4/2014
6451,12/3/2014
6455,12/2/2014
6385,12/1/2014
6515.5,11/28/2014
6621.5,11/27/2014
6649,11/26/2014
6696,11/25/2014
6731,11/24/2014
6790,11/21/2014
6688,11/20/2014
6715,11/19/2014
6684,11/18/2014
6752,11/17/2014
6695,11/14/2014
6755.5,11/13/2014
6752.5,11/12/2014
6688,11/11/2014
6735.5,11/10/2014
6720.5,11/7/2014
6681,11/6/2014
6646,11/5/2014
6705.5,11/4/2014
6801,11/3/2014
6835.5,10/31/2014
6785,10/30/2014
6855,10/29/2014
6859.5,10/28/2014
6800.5,10/27/2014
6759.5,10/24/2014
6718.5,10/23/2014
6730.5,10/22/2014
6660,10/21/2014
6615,10/20/2014
6629,10/17/2014
6630,10/16/2014
6781,10/15/2014
6780.5,10/14/2014
6802,10/13/2014
6697,10/10/2014
6767,10/9/2014
6755,10/8/2014
6715,10/7/2014
6712.5,10/6/2014
6665,10/3/2014
6693.5,10/2/2014
6755,10/1/2014
6736,9/30/2014
6735.5,9/29/2014
6771,9/26/2014
6766,9/25/2014
6750,9/24/2014
6797,9/23/2014
6782,9/22/2014
6868.5,9/19/2014
6920,9/18/2014
6958.5,9/17/2014
6895.5,9/16/2014
6850,9/15/2014
6856,9/12/2014
6829,9/11/2014
6897.5,9/10/2014
6937,9/9/2014
7040.5,9/8/2014
6973,9/5/2014
6967,9/4/2014
6927,9/3/2014
6965.5,9/2/2014
6966.5,9/1/2014
6995,8/29/2014
7033,8/28/2014
7051,8/27/2014
7096,8/26/2014
7088,8/22/2014
7003,8/21/2014
6922,8/20/2014
6934.5,8/19/2014
6910,8/18/2014
6852.5,8/15/2014
6886.5,8/14/2014
6925.5,8/13/2014
7025.5,8/12/2014
7010.5,8/11/2014
7020,8/8/2014
6980.5,8/7/2014
6995,8/6/2014
7100.5,8/5/2014
7104,8/4/2014
7078,8/1/2014
7135.5,7/31/2014
7090,7/30/2014
7116,7/29/2014
7132,7/28/2014
7183.5,7/25/2014
7151,7/24/2014
7065,7/23/2014
7060.5,7/22/2014
6989.5,7/21/2014
7026.5,7/18/2014
7030.5,7/17/2014
7112,7/16/2014
7102.5,7/15/2014
7154.5,7/14/2014
7151,7/11/2014
7110,7/10/2014
7173,7/9/2014
7155,7/8/2014
7120.5,7/7/2014
7159,7/4/2014
7121,7/3/2014
7050,7/2/2014
7015,7/1/2014
6955,6/30/2014
6976,6/27/2014
6936.5,6/26/2014
6890.5,6/25/2014
6898.5,6/24/2014
6901,6/23/2014
6777.5,6/20/2014
6730.5,6/19/2014
6739,6/18/2014
6711,6/17/2014
6735,6/16/2014
6671.5,6/13/2014
6725,6/12/2014
6689.5,6/11/2014
6695.5,6/10/2014
6667.5,6/9/2014
6660.5,6/6/2014
6800,6/5/2014
6835,6/4/2014
6930,6/3/2014
7003,6/2/2014
6995.5,5/30/2014
6970,5/29/2014
7035,5/28/2014
7020,5/27/2014
6991,5/23/2014
6945.5,5/22/2014
6841,5/21/2014
6922.5,5/20/2014
7009,5/19/2014
6950,5/16/2014
6949,5/15/2014
6976.5,5/14/2014
6884.5,5/13/2014
6930,5/12/2014
6770,5/9/2014
6690.5,5/8/2014
6688,5/7/2014
6740,5/6/2014
6699,5/2/2014
6670.5,5/1/2014
6724,4/30/2014
6770,4/29/2014
6782,4/28/2014
6785.5,4/25/2014
6731,4/24/2014
6645,4/23/2014
6628.5,4/22/2014
6631,4/17/2014
6600,4/16/2014
6630,4/15/2014
6645,4/14/2014
6686,4/11/2014
6637.5,4/10/2014
6630.5,4/9/2014
6652,4/8/2014
6610.5,4/7/2014
6677,4/4/2014
6606,4/3/2014
6713,4/2/2014
6632,4/1/2014
6636,3/31/2014
6667,3/28/2014
6581,3/27/2014
6555,3/26/2014
6559.5,3/25/2014
6510,3/24/2014
6539.5,3/21/2014
6434.5,3/20/2014
6446,3/19/2014
6471.5,3/18/2014
6550,3/17/2014
6490,3/14/2014
6495,3/13/2014
6498,3/12/2014
6720.5,3/11/2014
6716,3/10/2014
6930.5,3/7/2014
7054.5,3/6/2014
7102.5,3/5/2014
7035,3/4/2014
7032.5,3/3/2014
7097.5,2/28/2014
7095,2/27/2014
7149,2/26/2014
7115,2/25/2014
7130,2/24/2014
7211.5,2/21/2014
7185,2/20/2014
7220,2/19/2014
7205,2/18/2014
7210,2/17/2014
7175.5,2/14/2014
7157,2/13/2014
7174.5,2/12/2014
7120,2/11/2014
7190.5,2/10/2014
7200,2/7/2014
7109,2/6/2014
7096,2/5/2014
7107,2/4/2014
7095.5,2/3/2014
7091,1/31/2014
7155,1/30/2014
7209,1/29/2014
7215,1/28/2014
7235,1/27/2014
7240,1/24/2014
7285,1/23/2014
7327,1/22/2014
7332,1/21/2014
7340,1/20/2014
7379.5,1/17/2014
7345.5,1/16/2014
7309,1/15/2014
7343,1/14/2014
7305.5,1/13/2014
7283.5,1/10/2014
7282,1/9/2014
7368,1/8/2014
7354,1/7/2014
7313.5,1/6/2014
7335.5,1/3/2014
7439.5,1/2/2014
7394.5,12/31/2013
7387,12/30/2013
7375,12/27/2013
7280,12/24/2013
7251,12/23/2013
7264.5,12/20/2013
7218.5,12/19/2013
7230,12/18/2013
7286,12/17/2013
7325.5,12/16/2013
7218.5,12/13/2013
7230,12/12/2013
7169.5,12/11/2013
7165.5,12/10/2013
7141,12/9/2013
7113,12/6/2013
7081,12/5/2013
6975,12/4/2013
6945,12/3/2013
7008.5,12/2/2013
7027,11/29/2013
6988,11/28/2013
7051.5,11/27/2013
7071,11/26/2013
7067.5,11/25/2013
7065.5,11/22/2013
6992,11/21/2013
6980,11/20/2013
6947,11/19/2013
6999.5,11/18/2013
6967.5,11/15/2013
6939,11/14/2013
7021.5,11/13/2013
7124,11/12/2013
7135,11/11/2013
7125.5,11/8/2013
7119,11/7/2013
7200,11/6/2013
7138.5,11/5/2013
7180,11/4/2013
7255.5,11/1/2013
7234,10/31/2013
7275.5,10/30/2013
7215.5,10/29/2013
7161,10/28/2013
7126,10/25/2013
7160,10/24/2013
7200.5,10/23/2013
7260,10/22/2013
7225.5,10/21/2013
7241.5,10/18/2013
7172,10/17/2013
7158.5,10/16/2013
7186,10/15/2013
7205.5,10/14/2013
7125,10/11/2013
7112.5,10/10/2013
7141,10/9/2013
7231.5,10/8/2013
7171,10/7/2013
7148,10/4/2013
7215.5,10/3/2013
7156,10/2/2013
7219,10/1/2013
7290.5,9/30/2013
7252.5,9/27/2013
7220.5,9/26/2013
7155,9/25/2013
7140.5,9/24/2013
7181,9/23/2013
7295,9/20/2013
7301.5,9/19/2013
7090.5,9/18/2013
7056.5,9/17/2013
7050,9/16/2013
7028.5,9/13/2013
7043.5,9/12/2013
7163,9/11/2013
7172,9/10/2013
7191.5,9/9/2013
7170.5,9/6/2013
7103,9/5/2013
7125.5,9/4/2013
7183.5,9/3/2013
7175.5,9/2/2013
7095,8/30/2013
7210.5,8/29/2013
7236,8/28/2013
7300.5,8/27/2013
7300.5,8/23/2013
7340.5,8/22/2013
7236,8/21/2013
7265.5,8/20/2013
7285.5,8/19/2013
7335.5,8/16/2013
7228,8/15/2013
7272.5,8/14/2013
7281,8/13/2013
7246,8/12/2013
7186,8/9/2013
7121.5,8/8/2013
6892,8/7/2013
7026.5,8/6/2013
6950.5,8/5/2013
7019,8/2/2013
6999,8/1/2013
6805,7/31/2013
6752,7/30/2013
6860.5,7/29/2013
6905.5,7/26/2013
6927.5,7/25/2013
7076.5,7/24/2013
7021,7/23/2013
7030,7/22/2013
6929.5,7/19/2013
6896,7/18/2013
6897,7/17/2013
7002,7/16/2013
6887.5,7/15/2013
6942,7/12/2013
7001,7/11/2013
6815,7/10/2013
6688,7/9/2013
6819.5,7/8/2013
6748,7/5/2013
6946.5,7/4/2013
6975,7/3/2013
6959.5,7/2/2013
6955,7/1/2013
6750.5,6/28/2013
6705.5,6/27/2013
6685.5,6/26/2013
6726.5,6/25/2013
6637.5,6/24/2013
6777,6/21/2013
6808,6/20/2013
6972.5,6/19/2013
6970.5,6/18/2013
7020.5,6/17/2013
7045,6/14/2013
7057.5,6/13/2013
7086,6/12/2013
7036,6/11/2013
7120,6/10/2013
7282,6/7/2013
7311,6/6/2013
7421.5,6/5/2013
7337.5,6/4/2013
7330.5,6/3/2013
7241,5/31/2013
7245.5,5/30/2013
7201.5,5/29/2013
7257,5/28/2013
7240,5/24/2013
7285.5,5/23/2013
7480,5/22/2013
7384,5/21/2013
7276,5/20/2013
7329.5,5/17/2013
7095.5,5/16/2013
7095.5,5/15/2013
7195.5,5/14/2013
7350.5,5/13/2013
7390.5,5/10/2013
7311,5/9/2013
7326,5/8/2013
7240.5,5/7/2013
7122,5/3/2013
6870.5,5/2/2013
6875,5/1/2013
7073.5,4/30/2013
7079,4/29/2013
7054.5,4/26/2013
7035,4/25/2013
6935.5,4/24/2013
6811,4/23/2013
6875.5,4/22/2013
6975,4/19/2013
6962.5,4/18/2013
7067,4/17/2013
7219,4/16/2013
7120.5,4/15/2013
7510,4/12/2013
7510,4/11/2013
7547,4/10/2013
7485.5,4/9/2013
7457.5,4/8/2013
7376,4/5/2013
7336.5,4/4/2013
7405.5,4/3/2013
7434.5,4/2/2013
7582.5,3/28/2013
7570,3/27/2013
7631,3/26/2013
7602,3/25/2013
7618,3/22/2013
7580,3/21/2013
7574.5,3/20/2013
7539,3/19/2013
7555.5,3/18/2013
7782,3/15/2013
7762,3/14/2013
7777.5,3/13/2013
7815,3/12/2013
7677,3/11/2013
7730,3/8/2013
7671,3/7/2013
7699.5,3/6/2013
7720,3/5/2013
7751,3/4/2013
7620.5,3/1/2013
7828,2/28/2013
7831,2/27/2013
7785,2/26/2013
7865.5,2/25/2013
7825,2/22/2013
7847.5,2/21/2013
8009.5,2/20/2013
8070,2/19/2013
8075.5,2/18/2013
8198.5,2/15/2013
8197,2/14/2013
8221,2/13/2013
8184.5,2/12/2013
8216,2/11/2013
8215,2/8/2013
8212,2/7/2013
8200,2/6/2013
8242.5,2/5/2013
8226,2/4/2013
8160,2/1/2013
8170,1/31/2013
8175.5,1/30/2013
8010.5,1/29/2013
8015,1/28/2013
8060,1/25/2013
8036,1/24/2013
8115.5,1/23/2013
8068,1/22/2013
8020.5,1/21/2013
8053,1/18/2013
7930,1/17/2013
7910.5,1/16/2013
7945,1/15/2013
8030,1/14/2013
8071,1/11/2013
8117,1/10/2013
8059,1/9/2013
8050.5,1/8/2013
7995.5,1/7/2013
8026,1/4/2013
8140.5,1/3/2013
8085,1/2/2013
7915,12/31/2012
7870,12/28/2012
7871.5,12/27/2012
7780,12/24/2012
7768.5,12/21/2012
7825.5,12/20/2012
7946,12/19/2012
8005.5,12/18/2012
8001,12/17/2012
8047.5,12/14/2012
8000.5,12/13/2012
8102,12/12/2012
8070,12/11/2012
8111.5,12/10/2012
7965.5,12/7/2012
8020.5,12/6/2012
8022,12/5/2012
7991,12/4/2012
7975.5,12/3/2012
7949,11/30/2012
7850,11/29/2012
7720,11/28/2012
7796,11/27/2012
7770.5,11/26/2012
7676,11/23/2012
7716,11/22/2012
7705,11/21/2012
7731,11/20/2012
7670.5,11/19/2012
7573,11/16/2012
7605.5,11/15/2012
7635,11/14/2012
7606.5,11/13/2012
7626.5,11/12/2012
7540.5,11/9/2012
7605.5,11/8/2012
7654.5,11/7/2012
7661,11/6/2012
7604,11/5/2012
7765.5,11/2/2012
7811,11/1/2012
7819,10/31/2012
7760,10/30/2012
7720,10/29/2012
7765,10/26/2012
7852,10/25/2012
7860.5,10/24/2012
7861,10/23/2012
7983.5,10/22/2012
8121,10/19/2012
8210,10/18/2012
8112.5,10/17/2012
8141.5,10/16/2012
8130,10/15/2012
8179,10/12/2012
8212,10/11/2012
8124.5,10/10/2012
8183,10/9/2012
8133,10/8/2012
8299,10/5/2012
8325,10/4/2012
8276,10/3/2012
8340,10/2/2012
8191.5,10/1/2012
8267.5,9/28/2012
8175,9/27/2012
8130.5,9/26/2012
8235.5,9/25/2012
8155.5,9/24/2012
8282,9/21/2012
8202,9/20/2012
8323,9/19/2012
8224,9/18/2012
8293,9/17/2012
8400.5,9/14/2012
8055.5,9/13/2012
8100.5,9/12/2012
8080,9/11/2012
8032,9/10/2012
7844,9/7/2012
7670.5,9/6/2012
7606.5,9/5/2012
7640.5,9/4/2012
7649.5,9/3/2012
7576.5,8/31/2012
7611,8/30/2012
7524.5,8/29/2012
7606,8/28/2012
7600.5,8/24/2012
7667.5,8/23/2012
7571.5,8/22/2012
7510,8/21/2012
7433,8/20/2012
7496,8/17/2012
7386,8/16/2012
7386,8/15/2012
7407,8/14/2012
7426.5,8/13/2012
7430.5,8/10/2012
7495.5,8/9/2012
7525.5,8/8/2012
7567,8/7/2012
7400,8/6/2012
7327,8/3/2012
7386.5,8/2/2012
7500,8/1/2012
7581,7/31/2012
7520,7/30/2012
7555,7/27/2012
7510.5,7/26/2012
7441,7/25/2012
7396,7/24/2012
7387,7/23/2012
7625,7/20/2012
7765,7/19/2012
7596,7/18/2012
7671,7/17/2012
7636,7/16/2012
7689.5,7/13/2012
7510,7/12/2012
7525.5,7/11/2012
7556,7/10/2012
7520.5,7/9/2012
7600,7/6/2012
7761.5,7/5/2012
7695.5,7/4/2012
7777,7/3/2012
7647.5,7/2/2012
7604.5,6/29/2012
7421,6/28/2012
7354,6/27/2012
7347,6/26/2012
7342.5,6/25/2012
7320,6/22/2012
7426,6/21/2012
7555.5,6/20/2012
7505.5,6/19/2012
7475.5,6/18/2012
7521,6/15/2012
7376.5,6/14/2012
7397.5,6/13/2012
7384,6/12/2012
7396,6/11/2012
7251.5,6/8/2012
7480.5,6/7/2012
7459.5,6/6/2012
7364,6/1/2012
7517,5/31/2012
7545,5/30/2012
7685.5,5/29/2012
7740,5/28/2012
7695.5,5/25/2012
7660.5,5/24/2012
7630.5,5/23/2012
7775,5/22/2012
7800.5,5/21/2012
7795.5,5/18/2012
7708,5/17/2012
7710,5/16/2012
7854,5/15/2012
7980,5/14/2012
8080,5/11/2012
8195.5,5/10/2012
8089,5/9/2012
8234,5/8/2012
8296,5/4/2012
8318,5/3/2012
8401,5/2/2012
8528,5/1/2012
8529.5,4/30/2012
8443.5,4/27/2012
8356,4/26/2012
8285.5,4/25/2012
8194,4/24/2012
8125,4/23/2012
8120.5,4/20/2012
8045.5,4/19/2012
8085,4/18/2012
8100.5,4/17/2012
8054,4/16/2012
8165.5,4/13/2012
8185,4/12/2012
8115,4/11/2012
8256,4/10/2012
8365.5,4/5/2012
8451.5,4/4/2012
8575.5,4/3/2012
8480,4/2/2012
8480,3/30/2012
8360,3/29/2012
8480.5,3/28/2012
8512,3/27/2012
8485,3/26/2012
8400.5,3/23/2012
8320,3/22/2012
8470.5,3/21/2012
8437,3/20/2012
8575,3/19/2012
8620.5,3/16/2012
8490.5,3/15/2012
8468,3/14/2012
8530,3/13/2012
8401.5,3/12/2012
8390.5,3/9/2012
8390,3/8/2012
8261,3/7/2012
8335.5,3/6/2012
8502,3/5/2012
8575,3/2/2012
8570,3/1/2012
8585,2/29/2012
8658,2/28/2012
8436,2/27/2012
8441,2/24/2012
8408,2/23/2012
8391,2/22/2012
8325,2/21/2012
8234,2/20/2012
8370,2/17/2012
8209.5,2/16/2012
8395.5,2/15/2012
8405,2/14/2012
8512,2/13/2012
8591,2/10/2012
8520.5,2/9/2012
8586,2/8/2012
8335.5,2/7/2012
8463,2/6/2012
8320,2/3/2012
8339,2/2/2012
8351.5,2/1/2012
8485.5,1/31/2012
8399,1/30/2012
8610,1/27/2012
8560,1/26/2012
8271,1/25/2012
8267,1/24/2012
8333,1/23/2012
8230.5,1/20/2012
8350.5,1/19/2012
8156,1/18/2012
8185,1/17/2012
8021,1/16/2012
7965.5,1/13/2012
7946,1/12/2012
7689.5,1/11/2012
7641,1/10/2012
7503,1/9/2012
7515,1/6/2012
7471,1/5/2012
7652,1/4/2012
7661,1/3/2012
7554,12/30/2011
7372,12/29/2011
7502,12/28/2011
7590,12/23/2011
7492.5,12/22/2011
7415.5,12/21/2011
7275,12/20/2011
7286.5,12/19/2011
7340,12/16/2011
7264,12/15/2011
7350,12/14/2011
7586,12/13/2011
7611.5,12/12/2011
7800.5,12/9/2011
7800.5,12/8/2011
7809,12/7/2011
7766,12/6/2011
7845,12/5/2011
7890,12/2/2011
7801,12/1/2011
7405.5,11/30/2011
7448,11/29/2011
7381,11/28/2011
7196.5,11/25/2011
7271.5,11/24/2011
7176,11/23/2011
7398,11/22/2011
7301,11/21/2011
7582.5,11/18/2011
7501.5,11/17/2011
7592,11/16/2011
7632,11/15/2011
7731.5,11/14/2011
7451,11/11/2011
7456,11/10/2011
7672,11/9/2011
7820.5,11/8/2011
7775.5,11/7/2011
7930,11/4/2011
7845,11/3/2011
7912,11/2/2011
7660,11/1/2011
7900.5,10/31/2011
7981.5,10/28/2011
8040,10/27/2011
7720.5,10/26/2011
7590.5,10/25/2011
7380.5,10/24/2011
7062,10/21/2011
6916.5,10/20/2011
7305.5,10/19/2011
7271,10/18/2011
7566,10/17/2011
7500.5,10/14/2011
7328,10/13/2011
7419,10/12/2011
7215.5,10/11/2011
7314,10/10/2011
7250,10/7/2011
7095.5,10/6/2011
6860.5,10/5/2011
6785,10/4/2011
6795,10/3/2011
7131.5,9/30/2011
6975.5,9/29/2011
7416,9/28/2011
7528,9/27/2011
7226,9/26/2011
7290,9/23/2011
7790.5,9/22/2011
8221,9/21/2011
8397.5,9/20/2011
8415,9/19/2011
8781.5,9/16/2011
8709.5,9/15/2011
8719.5,9/14/2011
8757.5,9/13/2011
8645.5,9/12/2011
8904.5,9/9/2011
9041,9/8/2011
8970.5,9/7/2011
8919.5,9/6/2011
8935,9/5/2011
9050.5,9/2/2011
9101,9/1/2011
9197,8/31/2011
9128,8/30/2011
9090.5,8/26/2011
8907.5,8/25/2011
8832,8/24/2011
8858.5,8/23/2011
8811.5,8/22/2011
8781.5,8/19/2011
8803,8/18/2011
8870,8/17/2011
8760,8/16/2011
8824,8/15/2011
8851,8/12/2011
8802,8/11/2011
8853.5,8/10/2011
8851,8/9/2011
9039,8/8/2011
9190,8/5/2011
9452,8/4/2011
9549.5,8/3/2011
9630,8/2/2011
9827,8/1/2011
9731,7/29/2011
9744,7/28/2011
9736,7/27/2011
9778,7/26/2011
9620,7/25/2011
9698,7/22/2011
9607,7/21/2011
9765.5,7/20/2011
9755,7/19/2011
9690,7/18/2011
9606,7/15/2011
9655,7/14/2011
9658.5,7/13/2011
9500.5,7/12/2011
9556,7/11/2011
9713,7/8/2011
9537,7/7/2011
9432,7/6/2011
9405.5,7/5/2011
9411,7/4/2011
9405,7/1/2011
9301,6/30/2011
9176,6/29/2011
8995.5,6/28/2011
9000.5,6/27/2011
9045,6/24/2011
8978.5,6/23/2011
9007,6/22/2011
9060,6/21/2011
8935,6/20/2011
9101.5,6/17/2011
9011.5,6/16/2011
9147,6/15/2011
9010,6/14/2011
8895,6/13/2011
9000.5,6/10/2011
8950.5,6/9/2011
8970.5,6/8/2011
9092,6/7/2011
9098,6/6/2011
9016,6/3/2011
9037.5,6/2/2011
9171,6/1/2011
9224.5,5/31/2011
9151,5/27/2011
8990.5,5/26/2011
9019,5/25/2011
8881.5,5/24/2011
8831,5/23/2011
8982.5,5/20/2011
9006.5,5/19/2011
8896.5,5/18/2011
8863,5/17/2011
8710,5/16/2011
8857,5/13/2011
8536.5,5/12/2011
8750.5,5/11/2011
8935.5,5/10/2011
8908,5/9/2011
8790,5/6/2011
8791,5/5/2011
9171.5,5/4/2011
9245,5/3/2011
9370.5,4/28/2011
9348.5,4/27/2011
9455.5,4/26/2011
9611,4/21/2011
9450.5,4/20/2011
9279,4/19/2011
9356.5,4/18/2011
9420,4/15/2011
9326.5,4/14/2011
9625.5,4/13/2011
9670.5,4/12/2011
9781.5,4/11/2011
9823,4/8/2011
9697,4/7/2011
9475.5,4/6/2011
9251.5,4/5/2011
9420,4/4/2011
9336,4/1/2011
9399.5,3/31/2011
9519.5,3/30/2011
9450,3/29/2011
9546,3/28/2011
9710,3/25/2011
9695.5,3/24/2011
9704,3/23/2011
9450,3/22/2011
9519,3/21/2011
9525,3/18/2011
9440,3/17/2011
9354.5,3/16/2011
8980,3/15/2011
9205.5,3/14/2011
9048,3/11/2011
9195.5,3/10/2011
9610,3/9/2011
9420,3/8/2011
9845,3/7/2011
9970.5,3/4/2011
9889.5,3/3/2011
9820.5,3/2/2011
9908,3/1/2011
9860,2/28/2011
9700.5,2/25/2011
9440,2/24/2011
9490.5,2/23/2011
9650,2/22/2011
9829.5,2/21/2011
9806,2/18/2011
9800,2/17/2011
9925,2/16/2011
10106.5,2/15/2011
10148,2/14/2011
9920.5,2/11/2011
9875,2/10/2011
10000,2/9/2011
9930,2/8/2011
10145,2/7/2011
9986,2/4/2011
9951,2/3/2011
9945,2/2/2011
9841,2/1/2011
9720,1/31/2011
9595,1/28/2011
9490,1/27/2011
9370,1/26/2011
9330,1/25/2011
9509,1/24/2011
9485,1/21/2011
9485,1/20/2011
9790,1/19/2011
9735,1/18/2011
9690,1/17/2011
9590,1/14/2011
9622,1/13/2011
9632,1/12/2011
9484,1/11/2011
9384,1/10/2011
9399,1/7/2011
9590,1/6/2011
9465,1/5/2011
9745,1/4/2011
9580,12/30/2010
9465,12/29/2010
9390.5,12/24/2010
9271,12/23/2010
9400,12/22/2010
9410,12/21/2010
9250,12/20/2010
9101.5,12/17/2010
9030.5,12/16/2010
9110,12/15/2010
9221.5,12/14/2010
9211,12/13/2010
9115,12/10/2010
9050,12/9/2010
8880,12/8/2010
9030,12/7/2010
8780,12/6/2010
8755,12/3/2010
8774.5,12/2/2010
8540,12/1/2010
8375,11/30/2010
8210,11/29/2010
8280,11/26/2010
8290,11/25/2010
8255,11/24/2010
8140,11/23/2010
8405.5,11/22/2010
8410,11/19/2010
8385,11/18/2010
8140,11/17/2010
8590,11/16/2010
8590,11/15/2010
8680,11/12/2010
8925,11/11/2010
8730,11/10/2010
8846,11/9/2010
8700,11/8/2010
8700,11/5/2010
8521.5,11/4/2010
8401,11/3/2010
8405,11/2/2010
8335,11/1/2010
8215,10/29/2010
8332,10/28/2010
8332,10/27/2010
8466,10/26/2010
8505,10/25/2010
8305.5,10/22/2010
8406,10/21/2010
8244,10/20/2010
8301,10/19/2010
8340.5,10/18/2010
8362.5,10/15/2010
8412,10/14/2010
8400,10/13/2010
8266,10/12/2010
8325,10/11/2010
8104.5,10/8/2010
8262,10/7/2010
8215.5,10/6/2010
8125,10/5/2010
8085.5,10/4/2010
8088,10/1/2010
8053.5,9/30/2010
8016.5,9/29/2010
7866,9/28/2010
7922,9/27/2010
7911,9/24/2010
7876.5,9/23/2010
7706,9/22/2010
7695,9/21/2010
7742,9/20/2010
7760,9/17/2010
7670,9/16/2010
7595,9/15/2010
7520,9/14/2010
7629,9/13/2010
7525,9/10/2010
7532,9/9/2010
7620,9/8/2010
7520,9/7/2010
7661,9/6/2010
7631.5,9/3/2010
7625.5,9/2/2010
7540.5,9/1/2010
7355.5,8/31/2010
7287,8/27/2010
7195.5,8/26/2010
7067,8/25/2010
7171,8/24/2010
7250,8/23/2010
7205.5,8/20/2010
7442,8/19/2010
7353.5,8/18/2010
7315.5,8/17/2010
7205,8/16/2010
7200,8/13/2010
7180,8/12/2010
7204,8/11/2010
7225,8/10/2010
7425,8/9/2010
7420,8/6/2010
7395,8/5/2010
7370.5,8/4/2010
7360,8/3/2010
7336,8/2/2010
7195,7/30/2010
7206,7/29/2010
7120,7/28/2010
7091.5,7/27/2010
6995.5,7/26/2010
6995,7/23/2010
6920.5,7/22/2010
6771,7/21/2010
6526,7/20/2010
6514,7/19/2010
6650,7/16/2010
6656,7/15/2010
6694.5,7/14/2010
6596,7/13/2010
6630.5,7/12/2010
6680.5,7/9/2010
6641,7/8/2010
6545,7/7/2010
6523,7/6/2010
6440,7/5/2010
6430.5,7/2/2010
6354,7/1/2010
6585,6/30/2010
6585,6/29/2010
6800,6/28/2010
6604.5,6/25/2010
6525.5,6/24/2010
6576,6/23/2010
6460,6/22/2010
6607,6/21/2010
6315.5,6/18/2010
6480.5,6/17/2010
6592.5,6/16/2010
6625,6/15/2010
6610,6/14/2010
6462,6/11/2010
6292,6/10/2010
6295.5,6/9/2010
6091,6/8/2010
6157,6/7/2010
6450,6/4/2010
6620.5,6/3/2010
6605,6/2/2010
6715,6/1/2010
6926,5/28/2010
6875.5,5/27/2010
6836,5/26/2010
6685,5/25/2010
6770.5,5/24/2010
6639,5/21/2010
6500,5/20/2010
6465.5,5/19/2010
6605.5,5/18/2010
6721,5/17/2010
6955.5,5/14/2010
7010.5,5/13/2010
7082,5/12/2010
6885,5/11/2010
7165.5,5/10/2010
6872,5/7/2010
6945,5/6/2010
6801,5/5/2010
7175.5,5/4/2010
7365,4/30/2010
7395,4/29/2010
7410.5,4/28/2010
7645,4/27/2010
7760,4/26/2010
7660,4/23/2010
7661,4/22/2010
7666,4/21/2010
7787,4/20/2010
7656,4/19/2010
7905.5,4/16/2010
7875,4/15/2010
7924.5,4/14/2010
7845,4/13/2010
7915,4/12/2010
7896,4/9/2010
7795.5,4/8/2010
7908,4/7/2010
7950.5,4/6/2010
7881,4/1/2010
7830,3/31/2010
7786,3/30/2010
7635,3/29/2010
7490.5,3/26/2010
7347,3/25/2010
7310.5,3/24/2010
7404.5,3/23/2010
7300.5,3/22/2010
7461,3/19/2010
7476,3/18/2010
7488,3/17/2010
7341.5,3/16/2010
7330,3/15/2010
7470,3/12/2010
7384.5,3/11/2010
7524,3/10/2010
7395,3/9/2010
7541.5,3/8/2010
7466.5,3/5/2010
7485.5,3/4/2010
7483.5,3/3/2010
7359,3/2/2010
7335,3/1/2010
7072,2/26/2010
7046,2/25/2010
7032,2/24/2010
7227,2/23/2010
7338,2/22/2010
7193,2/19/2010
7086,2/18/2010
7119.5,2/17/2010
6940,2/16/2010
6841,2/15/2010
6766,2/12/2010
6672.5,2/11/2010
6610.5,2/10/2010
6485,2/9/2010
6329,2/8/2010
6242,2/5/2010
6571,2/4/2010
6853,2/3/2010
6865,2/2/2010
6675,2/1/2010
6854,1/29/2010
7042,1/28/2010
7244,1/27/2010
7306,1/26/2010
7409,1/25/2010
7240,1/22/2010
7347,1/21/2010
7446,1/20/2010
7442,1/19/2010
7507,1/18/2010
7405.5,1/15/2010
7454,1/14/2010
7391,1/13/2010
7425,1/12/2010
7685,1/11/2010
7446,1/8/2010
7594,1/7/2010
7587.5,1/6/2010
7436,1/5/2010
7464,1/4/2010
7346,12/31/2009
7295,12/30/2009
7221,12/29/2009
7070,12/24/2009
6901,12/23/2009
6856,12/22/2009
6880,12/21/2009
6841,12/18/2009
6900.5,12/17/2009
6946,12/16/2009
6800.5,12/15/2009
6872,12/14/2009
6796,12/11/2009
6770.75,12/10/2009
6905.5,12/9/2009
6937,12/8/2009
6960.5,12/7/2009
7005,12/4/2009
7046.25,12/3/2009
7094.25,12/2/2009
7048,12/1/2009
6902.75,11/30/2009
6825,11/27/2009
6793,11/26/2009
6954.75,11/25/2009
6840.75,11/24/2009
6920,11/23/2009
6819.75,11/20/2009
6766.75,11/19/2009
6855.5,11/18/2009
6805,11/17/2009
6830.75,11/16/2009
6500.75,11/13/2009
6480.5,11/12/2009
6515.75,11/11/2009
6506.25,11/10/2009
6516.75,11/9/2009
6469.25,11/6/2009
6510.25,11/5/2009
6551.5,11/4/2009
6435.75,11/3/2009
6530.5,11/2/2009
6455.25,10/30/2009
6639.5,10/29/2009
6404,10/28/2009
6554.5,10/27/2009
6586,10/26/2009
6625.75,10/23/2009
6567,10/22/2009
6565.75,10/21/2009
6396,10/20/2009
6453,10/19/2009
6210.5,10/16/2009
6269.5,10/15/2009
6202.5,10/14/2009
6122,10/13/2009
6261,10/12/2009
6216,10/9/2009
6311.75,10/8/2009
6073.75,10/7/2009
6094.25,10/6/2009
5898.5,10/5/2009
5857.75,10/2/2009
5967.5,10/1/2009
6147.5,9/30/2009
5962,9/29/2009
5995.5,9/28/2009
5975,9/25/2009
5944.25,9/24/2009
6108.25,9/23/2009
6249,9/22/2009
6165.25,9/21/2009
6149.25,9/18/2009
6360.75,9/17/2009
6399.5,9/16/2009
6183.5,9/15/2009
6123.75,9/14/2009
6235.25,9/11/2009
6278,9/10/2009
6399.5,9/9/2009
6464.75,9/8/2009
6314.25,9/7/2009
6263.75,9/4/2009
6243,9/3/2009
6158,9/2/2009
6186.5,9/1/2009
6464,8/28/2009
6257.5,8/27/2009
6276,8/26/2009
6298.5,8/25/2009
6420.5,8/24/2009
6270.5,8/21/2009
6050.5,8/20/2009
5983,8/19/2009
6085,8/18/2009
6054.5,8/17/2009
6251,8/14/2009
6383,8/13/2009
6189.5,8/12/2009
6030.5,8/11/2009
6125.25,8/10/2009
6141,8/7/2009
6017.5,8/6/2009
6194.25,8/5/2009
6045,8/4/2009
6000.5,8/3/2009
5719.5,7/31/2009
5604.5,7/30/2009
5406.5,7/29/2009
5518.5,7/28/2009
5595.5,7/27/2009
5518,7/24/2009
5525.5,7/23/2009
5489.5,7/22/2009
5386.75,7/21/2009
5338.75,7/20/2009
5312.5,7/17/2009
5270.5,7/16/2009
5271.5,7/15/2009
5066,7/14/2009
4898.5,7/13/2009
4857,7/10/2009
4883.5,7/9/2009
4710.5,7/8/2009
4866.75,7/7/2009
4955.25,7/6/2009
4966.25,7/3/2009
5019.25,7/2/2009
5073,7/1/2009
4948.75,6/30/2009
5082.5,6/29/2009
5020.5,6/26/2009
5118,6/25/2009
5034.5,6/24/2009
4782,6/23/2009
4738.5,6/22/2009
5008.75,6/19/2009
4947.5,6/18/2009
4936.5,6/17/2009
4955.75,6/16/2009
4981.5,6/15/2009
5212,6/12/2009
5354,6/11/2009
5147.25,6/10/2009
5149.5,6/9/2009
4960,6/8/2009
4960,6/5/2009
5005.75,6/4/2009
4902,6/3/2009
5034,6/2/2009
5060.25,6/1/2009
4815.75,5/29/2009
4737,5/28/2009
4656.5,5/27/2009
4658,5/26/2009
4590,5/22/2009
4452,5/21/2009
4620.5,5/20/2009
4511.5,5/19/2009
4508.5,5/18/2009
4447,5/15/2009
4441,5/14/2009
4428,5/13/2009
4574.5,5/12/2009
4541.5,5/11/2009
4667,5/8/2009
4700.5,5/7/2009
4743,5/6/2009
4529.5,5/5/2009
4500.5,5/1/2009
4433.25,4/30/2009
4371.5,4/29/2009
4183,4/28/2009
4347.5,4/27/2009
4484,4/24/2009
4341.5,4/23/2009
4549,4/22/2009
4510.5,4/21/2009
4585,4/20/2009
4816.5,4/17/2009
4725,4/16/2009
4811.5,4/15/2009
4673.5,4/14/2009
4465,4/9/2009
4369.25,4/8/2009
4347.75,4/7/2009
4240.5,4/6/2009
4274.75,4/3/2009
4120,4/2/2009
4025.25,4/1/2009
4003.25,3/31/2009
3868.75,3/30/2009
4009.75,3/27/2009
4046.25,3/26/2009
3924.25,3/25/2009
3935.5,3/24/2009
4019.75,3/23/2009
3919,3/20/2009
3963,3/19/2009
3720.75,3/18/2009
3769,3/17/2009
3800.75,3/16/2009
3640.5,3/13/2009
3548.5,3/12/2009
3558.5,3/11/2009
3690.5,3/10/2009
3582.75,3/9/2009
3696,3/6/2009
3662.75,3/5/2009
3725,3/4/2009
3516.5,3/3/2009
3358.25,3/2/2009
3421.5,2/27/2009
3471,2/26/2009
3377.75,2/25/2009
3250.75,2/24/2009
3196.25,2/23/2009
3115.25,2/20/2009
3254.75,2/19/2009
3196.5,2/18/2009
3145.75,2/17/2009
3290.75,2/16/2009
3392,2/13/2009
3377.5,2/12/2009
3420.25,2/11/2009
3447,2/10/2009
3544.25,2/9/2009
3507,2/6/2009
3297.25,2/5/2009
3381.5,2/4/2009
3339.5,2/3/2009
3141.75,2/2/2009
3119,1/30/2009
3193.5,1/29/2009
3293.5,1/28/2009
3273,1/27/2009
3518.5,1/26/2009
3216.75,1/23/2009
3054.75,1/22/2009
3186.5,1/21/2009
3310,1/20/2009
3397.5,1/19/2009
3323,1/16/2009
3248,1/15/2009
3252,1/14/2009
3334.25,1/13/2009
3209,1/12/2009
3367.5,1/9/2009
3161.5,1/8/2009
3306.75,1/7/2009
3353,1/6/2009
3150,1/5/2009
3199.5,1/2/2009
2901,12/31/2008
2882.5,12/30/2008
2866.5,12/29/2008
2790,12/24/2008
2835,12/23/2008
2924,12/22/2008
2896.5,12/19/2008
2845.5,12/18/2008
2984.5,12/17/2008
3030,12/16/2008
3126,12/15/2008
3143,12/12/2008
3286,12/11/2008
3272.5,12/10/2008
3171.75,12/9/2008
3290,12/8/2008
3024,12/5/2008
3248,12/4/2008
3423.5,12/3/2008
3535.5,12/2/2008
3571,12/1/2008
3595,11/28/2008
3666,11/27/2008
3723.5,11/26/2008
3664.5,11/25/2008
3721,11/24/2008
3506,11/21/2008
3438,11/20/2008
3541,11/19/2008
3698,11/18/2008
3609,11/17/2008
3780.25,11/14/2008
3634.5,11/13/2008
3583,11/12/2008
3602,11/11/2008
3844,11/10/2008
3731.5,11/7/2008
3786,11/6/2008
4066.5,11/5/2008
4303,11/4/2008
4091,11/3/2008
4101,10/31/2008
4194,10/30/2008
4650,10/29/2008
4135.5,10/28/2008
4028,10/27/2008
3784,10/24/2008
4064,10/23/2008
4161.5,10/22/2008
4499,10/21/2008
4751,10/20/2008
4868.5,10/17/2008
4709.5,10/16/2008
4994,10/15/2008
5031,10/14/2008
5194,10/13/2008
4869.5,10/10/2008
5375,10/9/2008
5296,10/8/2008
5734,10/7/2008
5657,10/6/2008
6085,10/3/2008
5874,10/2/2008
6180,10/1/2008
6388,9/30/2008
6460.5,9/29/2008
6811.5,9/26/2008
6961.5,9/25/2008
6926.5,9/24/2008
6992,9/23/2008
7276,9/22/2008
7085,9/19/2008
6771,9/18/2008
6813,9/17/2008
6930,9/16/2008
6983,9/15/2008
7169.5,9/12/2008
6965,9/11/2008
6866,9/10/2008
6851,9/9/2008
6985,9/8/2008
6929,9/5/2008
7266,9/4/2008
7399,9/3/2008
7294,9/2/2008
7330,9/1/2008
7552,8/29/2008
7593,8/28/2008
7731,8/27/2008
7665,8/26/2008
7861,8/22/2008
7973,8/21/2008
7626,8/20/2008
7681,8/19/2008
7435,8/18/2008
7439,8/15/2008
7442,8/14/2008
7479,8/13/2008
7188,8/12/2008
7432,8/11/2008
7523,8/8/2008
7810,8/7/2008
7767,8/6/2008
7768,8/5/2008
7734,8/4/2008
8073,8/1/2008
8245,7/31/2008
8230,7/30/2008
8130,7/29/2008
8219,7/28/2008
8184,7/25/2008
8127,7/24/2008
8297,7/23/2008
8351,7/22/2008
8356,7/21/2008
8314,7/18/2008
8401,7/17/2008
8315,7/16/2008
8356,7/15/2008
8475,7/14/2008
8450.5,7/11/2008
8413,7/10/2008
8376,7/9/2008
8365,7/8/2008
8587,7/7/2008
8650.5,7/4/2008
8826,7/3/2008
8900,7/2/2008
8793.5,7/1/2008
8693,6/30/2008
8706,6/27/2008
8622,6/26/2008
8489,6/25/2008
8509,6/24/2008
8565,6/23/2008
8600,6/20/2008
8496,6/19/2008
8412,6/18/2008
8248,6/17/2008
8289,6/16/2008
8156,6/13/2008
7989,6/12/2008
8064,6/11/2008
7997,6/10/2008
8101,6/9/2008
8129,6/6/2008
7906,6/5/2008
8023,6/4/2008
8034,6/3/2008
8060,6/2/2008
8062,5/30/2008
8001,5/29/2008
8222,5/28/2008
8327,5/27/2008
8278,5/23/2008
8232,5/22/2008
8350,5/21/2008
8434,5/20/2008
8433,5/19/2008
8566,5/16/2008
8418,5/15/2008
8228,5/14/2008
8330,5/13/2008
8376.5,5/12/2008
8217,5/9/2008
8435.5,5/8/2008
8586,5/7/2008
8675,5/6/2008
8390,5/2/2008
8368,5/1/2008
8697.5,4/30/2008
8698,4/29/2008
8793,4/28/2008
8698.5,4/25/2008
8640,4/24/2008
8670,4/23/2008
8802,4/22/2008
8610.5,4/21/2008
8664,4/18/2008
8706,4/17/2008
8836,4/16/2008
8550,4/15/2008
8702,4/14/2008
8793,4/11/2008
8771,4/10/2008
8877,4/9/2008
8677,4/8/2008
8874,4/7/2008
8809,4/4/2008
8686.5,4/3/2008
8683,4/2/2008
8474,4/1/2008
8510,3/31/2008
8521,3/28/2008
8636,3/27/2008
8305,3/26/2008
8213,3/25/2008
7789,3/20/2008
8103,3/19/2008
8345,3/18/2008
8180,3/17/2008
8484,3/14/2008
8484,3/13/2008
8504,3/12/2008
8362,3/11/2008
8403,3/10/2008
8640,3/7/2008
8648,3/6/2008
8775,3/5/2008
8497,3/4/2008
8670,3/3/2008
8502,2/29/2008
8580,2/28/2008
8504,2/27/2008
8335,2/26/2008
8238,2/25/2008
8374.5,2/22/2008
8487,2/21/2008
8221,2/20/2008
8273,2/19/2008
8014,2/18/2008
7751.5,2/15/2008
7699.5,2/14/2008
7809,2/13/2008
7921,2/12/2008
7795,2/11/2008
7736,2/8/2008
7559,2/7/2008
7336,2/6/2008
7131,2/5/2008
7257,2/4/2008
7240.5,2/1/2008
7345,1/31/2008
7150,1/30/2008
7295,1/29/2008
7049.5,1/28/2008
7036,1/25/2008
7051,1/24/2008
6914,1/23/2008
7060,1/22/2008
6901,1/21/2008
7171,1/18/2008
7000,1/17/2008
6989,1/16/2008
7145.5,1/15/2008
7382,1/14/2008
7281,1/11/2008
7172.5,1/10/2008
7203.5,1/9/2008
7197.5,1/8/2008
6869.5,1/7/2008
6873.5,1/4/2008
6932,1/3/2008
6717.5,1/2/2008
6676,12/31/2007
6800,12/28/2007
6838.5,12/27/2007
6630,12/21/2007
6491.5,12/20/2007
6462,12/19/2007
6323.75,12/18/2007
6326.5,12/17/2007
6491,12/14/2007
6456.5,12/13/2007
6667,12/12/2007
6760,12/11/2007
6765.5,12/10/2007
6858,12/7/2007
6671,12/6/2007
6637.5,12/5/2007
6644,12/4/2007
6753,12/3/2007
6960.5,11/30/2007
6835.5,11/29/2007
6669.5,11/28/2007
6565.5,11/27/2007
6721,11/26/2007
6677.5,11/23/2007
6527,11/22/2007
6473,11/21/2007
6755.5,11/20/2007
6756,11/19/2007
7002,11/16/2007
6897,11/15/2007
7102.5,11/14/2007
6887,11/13/2007
6912.5,11/12/2007
7000.5,11/9/2007
7185.5,11/8/2007
7305,11/7/2007
7480,11/6/2007
7406.5,11/5/2007
7438,11/2/2007
7506,11/1/2007
7730,10/31/2007
7762,10/30/2007
7940,10/29/2007
7905.5,10/26/2007
7797.5,10/25/2007
7724,10/24/2007
7833,10/23/2007
7798,10/22/2007
7912.5,10/19/2007
7901.5,10/18/2007
8010.5,10/17/2007
8099,10/16/2007
8204.5,10/15/2007
8112.5,10/12/2007
8133.5,10/11/2007
8236.5,10/10/2007
8112,10/9/2007
8010,10/8/2007
8269,10/5/2007
8259,10/4/2007
8375,10/3/2007
8239,10/2/2007
8187,10/1/2007
8087,9/28/2007
8084,9/27/2007
8003,9/26/2007
8052,9/25/2007
8092,9/24/2007
7929,9/21/2007
7932,9/20/2007
7933,9/19/2007
7633,9/18/2007
7561,9/17/2007
7613.5,9/14/2007
7606,9/13/2007
7484.5,9/12/2007
7540,9/11/2007
7222,9/10/2007
7239,9/7/2007
7367,9/6/2007
7223,9/5/2007
7369,9/4/2007
7457,9/3/2007
7536,8/31/2007
7471,8/30/2007
7440,8/29/2007
7354,8/28/2007
7307.75,8/24/2007
7343,8/23/2007
7233.5,8/22/2007
7052,8/21/2007
7107,8/20/2007
7108,8/17/2007
6850,8/16/2007
7443,8/15/2007
7564,8/14/2007
7711,8/13/2007
7452.35,8/10/2007
7603.5,8/9/2007
7705,8/8/2007
7872.5,8/7/2007
7821,8/6/2007
7804,8/3/2007
8001,8/2/2007
7990,8/1/2007
8162,7/31/2007
7960,7/30/2007
7866,7/27/2007
7873,7/26/2007
7879,7/25/2007
8155,7/24/2007
8204.85,7/23/2007
8125.15,7/20/2007
8000.75,7/19/2007
7875.65,7/18/2007
7955.5,7/17/2007
7929.5,7/16/2007
7940,7/13/2007
8037,7/12/2007
8018,7/11/2007
8030,7/10/2007
8040.75,7/9/2007
7901.75,7/6/2007
7892.75,7/5/2007
7929.75,7/4/2007
7840.75,7/3/2007
7730.5,7/2/2007
7540,6/29/2007
7539.5,6/28/2007
7359.25,6/27/2007
7520.75,6/26/2007
7312,6/25/2007
7510,6/22/2007
7550.5,6/21/2007
7625.5,6/20/2007
7470.5,6/19/2007
7664.75,6/18/2007
7474.75,6/15/2007
7260,6/14/2007
7260,6/13/2007
7292,6/12/2007
7384,6/11/2007
7219.8,6/8/2007
7450,6/7/2007
7655,6/5/2007
7540.5,6/4/2007
7510.5,6/1/2007
7440.5,5/31/2007
7255,5/30/2007
7345.15,5/29/2007
7141.75,5/25/2007
7375,5/24/2007
7215.45,5/23/2007
7560,5/22/2007
7411,5/21/2007
7259.8,5/18/2007
7455,5/17/2007
7710,5/16/2007
7795.5,5/15/2007
7855,5/14/2007
7855,5/11/2007
8019,5/10/2007
8205,5/9/2007
8194.25,5/8/2007
8224.75,5/4/2007
8245.75,5/3/2007
7999,5/2/2007
7920,5/1/2007
7870,4/30/2007
7745,4/27/2007
7680,4/26/2007
7820,4/25/2007
8099.65,4/24/2007
7917.35,4/23/2007
8039.4,4/20/2007
7942,4/19/2007
8052.35,4/18/2007
7834.75,4/17/2007
7959.85,4/16/2007
7800.5,4/13/2007
7889.5,4/12/2007
7970.5,4/11/2007
7838.3,4/10/2007
7464.85,4/5/2007
7305,4/4/2007
7285,4/3/2007
6915.35,4/2/2007
6940,3/30/2007
6712.75,3/29/2007
6740,3/28/2007
6850.65,3/27/2007
6860,3/26/2007
6852,3/23/2007
6807.65,3/22/2007
6685.5,3/21/2007
6610,3/20/2007
6629.65,3/19/2007
6613,3/16/2007
6445.75,3/15/2007
6214.75,3/14/2007
6302.75,3/13/2007
6172.25,3/12/2007
6125.25,3/9/2007
6276,3/8/2007
6045.75,3/7/2007
6000,3/6/2007
5811,3/5/2007
6056,3/2/2007
6190,3/1/2007
6183,2/28/2007
6180.75,2/27/2007
6251,2/26/2007
6185.3,2/23/2007
5875,2/22/2007
5615,2/21/2007
5681.75,2/20/2007
5770.5,2/19/2007
5779,2/16/2007
5832.75,2/15/2007
5621,2/14/2007
5572,2/13/2007
5471,2/12/2007
5400.65,2/9/2007
5225.5,2/8/2007
5330.75,2/7/2007
5356,2/6/2007
5285.25,2/5/2007
5306,2/2/2007
5561,2/1/2007
5640,1/31/2007
5597.5,1/30/2007
5540.5,1/29/2007
5712.25,1/26/2007
5824.6,1/25/2007
5671.5,1/24/2007
5688,1/23/2007
5480.75,1/22/2007
5565,1/19/2007
5600.75,1/18/2007
5550,1/17/2007
5684,1/16/2007
5613,1/15/2007
5805.4,1/12/2007
5891,1/11/2007
5541,1/10/2007
5540.65,1/9/2007
5592,1/8/2007
5593,1/5/2007
5602,1/4/2007
5823,1/3/2007
6200.15,1/2/2007
6285.25,12/29/2006
6340.65,12/28/2006
6332.75,12/27/2006
6429,12/22/2006
6430.5,12/21/2006
6498,12/20/2006
6616.75,12/19/2006
6656,12/18/2006
6710.65,12/15/2006
6777.25,12/14/2006
6685,12/13/2006
6818.75,12/12/2006
6800.65,12/11/2006
6827.75,12/8/2006
6801.85,12/7/2006
6939.75,12/6/2006
7048.85,12/5/2006
6930.65,12/4/2006
6968,12/1/2006
6935.75,11/30/2006
6902,11/29/2006
6981.75,11/28/2006
7038.75,11/27/2006
6996.85,11/24/2006
6889.85,11/23/2006
6964.75,11/22/2006
6912,11/21/2006
6812,11/20/2006
6670.65,11/17/2006
6876.65,11/16/2006
6966,11/15/2006
6966.75,11/14/2006
6900,11/13/2006
7065.15,11/10/2006
7220.5,11/9/2006
7284.65,11/8/2006
7425,11/7/2006
7268.75,11/6/2006
7325.5,11/3/2006
7240,11/2/2006
7294.75,11/1/2006
7409.25,10/31/2006
7359.75,10/30/2006
7512.75,10/27/2006
7470,10/26/2006
7479.75,10/25/2006
7456,10/24/2006
7650,10/23/2006
7645,10/20/2006
7629.75,10/19/2006
7673.5,10/18/2006
7668,10/17/2006
7814,10/16/2006
7521.5,10/13/2006
7470.75,10/12/2006
7440.75,10/11/2006
7440.15,10/10/2006
7539.25,10/9/2006
7370.75,10/6/2006
7250.35,10/5/2006
7451.65,10/4/2006
7390.75,10/3/2006
7605.25,10/2/2006
7600.75,9/29/2006
7707,9/28/2006
7740,9/27/2006
7595.25,9/26/2006
7400.75,9/25/2006
7680.25,9/22/2006
7471.75,9/21/2006
7229.9,9/20/2006
7459.65,9/19/2006
7410,9/18/2006
7409.85,9/15/2006
7500.35,9/14/2006
7445,9/13/2006
7606.65,9/12/2006
7606.65,9/11/2006
7862.35,9/8/2006
7975.15,9/7/2006
7906.4,9/6/2006
7869.25,9/5/2006
7665.65,9/4/2006
7584.85,9/1/2006
7646.65,8/31/2006
7459,8/30/2006
7420.75,8/29/2006
7540.65,8/25/2006
7660.75,8/24/2006
7595.15,8/23/2006
7609.65,8/22/2006
7594.8,8/21/2006
7549.5,8/18/2006
7555.25,8/17/2006
7560.65,8/16/2006
7681.85,8/15/2006
7630.15,8/14/2006
7919.9,8/11/2006
8069.9,8/10/2006
7912.65,8/9/2006
7830,8/8/2006
7755.4,8/7/2006
7754.75,8/4/2006
7825.15,8/3/2006
7822.65,8/2/2006
7870.65,8/1/2006
7850.1,7/31/2006
7638.35,7/28/2006
7462,7/27/2006
7461.65,7/26/2006
7510.65,7/25/2006
7260.65,7/24/2006
7587,7/21/2006
7690,7/20/2006
7601,7/19/2006
7965.25,7/18/2006
8150,7/17/2006
8150.65,7/14/2006
7995.15,7/13/2006
8162.8,7/12/2006
8025.15,7/11/2006
7795,7/10/2006
7775.75,7/7/2006
7477.35,7/6/2006
7500.25,7/5/2006
7373,7/4/2006
7374.75,7/3/2006
7500.35,6/30/2006
7087.65,6/29/2006
7042.5,6/28/2006
6999.4,6/27/2006
6920.75,6/26/2006
6710.1,6/23/2006
7040.75,6/22/2006
6870,6/21/2006
6770,6/20/2006
6891,6/19/2006
7041.5,6/16/2006
6881,6/15/2006
6780,6/14/2006
6881,6/13/2006
7230.8,6/12/2006
7380,6/9/2006
7589.5,6/8/2006
7724,6/7/2006
7720,6/6/2006
7924.75,6/5/2006
7963,6/2/2006
7729.75,6/1/2006
8140,5/31/2006
8420.8,5/30/2006
8300.65,5/26/2006
8190,5/25/2006
8095,5/24/2006
7980.65,5/23/2006
7617.75,5/22/2006
7951.75,5/19/2006
8155.15,5/18/2006
8590.75,5/17/2006
8369.75,5/16/2006
8185,5/15/2006
8788,5/12/2006
8619.75,5/11/2006
8148.5,5/10/2006
7818,5/9/2006
7603.75,5/8/2006
7809.75,5/5/2006
7552.5,5/4/2006
7230.85,5/3/2006
7390.85,5/2/2006
7225.15,4/28/2006
7284.85,4/27/2006
7399.65,4/26/2006
7146.75,4/25/2006
6909,4/24/2006
6706.75,4/21/2006
6472.75,4/20/2006
6559.85,4/19/2006
6634.85,4/18/2006
6208,4/13/2006
6077.75,4/12/2006
5990,4/11/2006
5921,4/10/2006
5830,4/7/2006
5779.65,4/6/2006
5714.25,4/5/2006
5616.75,4/4/2006
5560.5,4/3/2006
5527.25,3/31/2006
5415.4,3/30/2006
5339.4,3/29/2006
5339.15,3/28/2006
5290.75,3/27/2006
5261,3/24/2006
5219.65,3/23/2006
5145.5,3/22/2006
5257.35,3/21/2006
5175.25,3/20/2006
5106.65,3/17/2006
4987.65,3/16/2006
5009.75,3/15/2006
4945.65,3/14/2006
4946.5,3/13/2006
4846.4,3/10/2006
4910,3/9/2006
4800.85,3/8/2006
5016,3/7/2006
5018,3/6/2006
5051,3/3/2006
5031.7,3/2/2006
4847.85,3/1/2006
4839,2/28/2006
4835.5,2/27/2006
4976.65,2/24/2006
4966,2/23/2006
4983,2/22/2006
4982.75,2/21/2006
4930.4,2/20/2006
4960,2/17/2006
4803.85,2/16/2006
4953.75,2/15/2006
5009,2/14/2006
4991,2/13/2006
5011,2/10/2006
5091.15,2/9/2006
5022.35,2/8/2006
5145.5,2/7/2006
5080.25,2/6/2006
5099.75,2/3/2006
4929,2/2/2006
4949,2/1/2006
4919.45,1/31/2006
4948.4,1/30/2006
4943,1/27/2006
4860,1/26/2006
4847.75,1/25/2006
4710,1/24/2006
4714.15,1/23/2006
4706.4,1/20/2006
4761.85,1/19/2006
4698.25,1/18/2006
4692.25,1/17/2006
4753.5,1/16/2006
4685.5,1/13/2006
4664,1/12/2006
4692.8,1/11/2006
4710.5,1/10/2006
4689,1/9/2006
4549.15,1/6/2006
4651.65,1/5/2006
4691.75,1/4/2006
4536.65,1/3/2006
4572.15,12/30/2005
4591.2,12/29/2005
4649.5,12/28/2005
4554,12/23/2005
4591.15,12/22/2005
4575.75,12/21/2005
4585.4,12/20/2005
4625.25,12/19/2005
4589.85,12/16/2005
4480.8,12/15/2005
4569.85,12/14/2005
4575.15,12/13/2005
4619.85,12/12/2005
4611.75,12/9/2005
4596.25,12/8/2005
4585.85,12/7/2005
4521.5,12/6/2005
4555.75,12/5/2005
4552.75,12/2/2005
4465,12/1/2005
4404.35,11/30/2005
4379.25,11/29/2005
4380,11/28/2005
4370.5,11/25/2005
4354.5,11/24/2005
4358,11/23/2005
4357.75,11/22/2005
4380.65,11/21/2005
4420.5,11/18/2005
4374,11/17/2005
4309.5,11/16/2005
4333.8,11/15/2005
4291.15,11/14/2005
4271.85,11/11/2005
4178.5,11/10/2005
4153.25,11/9/2005
4109.75,11/8/2005
4149.15,11/7/2005
4166,11/4/2005
4134.8,11/3/2005
4092,11/2/2005
4063,11/1/2005
4090.75,10/31/2005
3986,10/28/2005
4142.5,10/27/2005
4142.5,10/26/2005
4079.5,10/25/2005
4016,10/24/2005
4031.65,10/21/2005
4195.15,10/20/2005
4131.85,10/19/2005
4110,10/18/2005
4049,10/17/2005
3940.25,10/14/2005
4063.7,10/13/2005
4111,10/12/2005
4091,10/11/2005
4131.75,10/10/2005
4074,10/7/2005
4039,10/6/2005
3992,10/5/2005
3960.75,10/4/2005
3904.75,10/3/2005
3948.75,9/30/2005
3954.25,9/29/2005
3965.8,9/28/2005
3953.85,9/27/2005
3960,9/26/2005
3977.75,9/23/2005
3864,9/22/2005
3865,9/21/2005
3850,9/20/2005
3718,9/19/2005
3724.75,9/16/2005
3767,9/15/2005
3782.5,9/14/2005
3775,9/13/2005
3775,9/12/2005
3727.65,9/9/2005
3842,9/8/2005
3843,9/7/2005
3903,9/6/2005
3890,9/5/2005
3950.85,9/2/2005
3834.65,9/1/2005
3888.15,8/31/2005
3885,8/30/2005
3854,8/26/2005
3802.5,8/25/2005
3835.65,8/24/2005
3849.75,8/23/2005
3815,8/22/2005
3788.65,8/19/2005
3783,8/18/2005
3811,8/17/2005
3795.5,8/16/2005
3770.6,8/15/2005
3769.75,8/12/2005
3692,8/11/2005
3723.35,8/10/2005
3697.35,8/9/2005
3760.75,8/8/2005
3775.15,8/5/2005
3760.5,8/4/2005
3801.25,8/3/2005
3756.5,8/2/2005
3757.5,8/1/2005
3774.85,7/29/2005
3720.5,7/28/2005
3706.75,7/27/2005
3714.85,7/26/2005
3700.15,7/25/2005
3655.75,7/22/2005
3632.5,7/21/2005
3652.25,7/20/2005
3600.15,7/19/2005
3623.25,7/18/2005
3585.5,7/15/2005
3595.5,7/14/2005
3560.15,7/13/2005
3609.25,7/12/2005
3623.35,7/11/2005
3581.75,7/8/2005
3509,7/7/2005
3526.85,7/6/2005
3452.85,7/5/2005
3505.5,7/4/2005
3510.5,7/1/2005
3597.15,6/30/2005
3596.75,6/29/2005
3578.5,6/28/2005
3624.85,6/27/2005
3669.25,6/24/2005
3505.15,6/23/2005
3562,6/22/2005
3615.25,6/21/2005
3636.15,6/20/2005
3665.25,6/17/2005
3563.25,6/16/2005
3525.25,6/15/2005
3472.15,6/14/2005
3508,6/13/2005
3475.15,6/10/2005
3438.85,6/9/2005
3425,6/8/2005
3455,6/7/2005
3517.25,6/6/2005
3478.75,6/3/2005
3307,6/2/2005
3210,6/1/2005
3222,5/31/2005
3251,5/27/2005
3233.85,5/26/2005
3247.25,5/25/2005
3223.15,5/24/2005
3164.85,5/23/2005
3195,5/20/2005
3186.5,5/19/2005
3168.85,5/18/2005
3112.7,5/17/2005
3164.65,5/16/2005
3191.85,5/13/2005
3285,5/12/2005
3331.85,5/11/2005
3340.85,5/10/2005
3369.85,5/9/2005
3370,5/6/2005
3294,5/5/2005
3295,5/4/2005
3315,5/3/2005
3348.5,4/29/2005
3337,4/28/2005
3375.5,4/27/2005
3413,4/26/2005
3365.5,4/25/2005
3415,4/22/2005
3385,4/21/2005
3466,4/20/2005
3395,4/19/2005
3355,4/18/2005
3330,4/15/2005
3305,4/14/2005
3406,4/13/2005
3497,4/12/2005
3473.5,4/11/2005
3435,4/8/2005
3435,4/7/2005
3395,4/6/2005
3358,4/5/2005
3385,4/4/2005
3409,4/1/2005
3408,3/31/2005
3394,3/30/2005
3380,3/29/2005
3385,3/24/2005
3407,3/23/2005
3411,3/22/2005
3413,3/21/2005
3388,3/18/2005
3424.5,3/17/2005
3413,3/16/2005
3355,3/15/2005
3365,3/14/2005
3365,3/11/2005
3374.5,3/10/2005
3380,3/9/2005
3408,3/8/2005
3366.5,3/7/2005
3362,3/4/2005
3329,3/3/2005
3287,3/2/2005
3356,3/1/2005
3405,2/28/2005
3352,2/25/2005
3343,2/24/2005
3323,2/23/2005
3367,2/22/2005
3321,2/21/2005
3339,2/18/2005
3241.5,2/17/2005
3260,2/16/2005
3252,2/15/2005
3224,2/14/2005
3210,2/11/2005
3168.5,2/10/2005
3145,2/9/2005
3147,2/8/2005
3163,2/7/2005
3174,2/4/2005
3170,2/3/2005
3226,2/2/2005
3243,2/1/2005
3275.5,1/31/2005
3265,1/28/2005
3228,1/27/2005
3245,1/26/2005
3200,1/25/2005
3226,1/24/2005
3209,1/21/2005
3152,1/20/2005
3161,1/19/2005
3112,1/18/2005
3184,1/17/2005
3116,1/14/2005
3165,1/13/2005
3146.5,1/12/2005
3157,1/11/2005
3129,1/10/2005
3128.5,1/7/2005
3095,1/6/2005
3072,1/5/2005
3133.5,1/4/2005
3279.5,12/31/2004
3214,12/30/2004
3230,12/29/2004
3179,12/24/2004
3152,12/23/2004
3240.5,12/22/2004
3196,12/21/2004
3158,12/20/2004
3130,12/17/2004
3156,12/16/2004
3124,12/15/2004
3110,12/14/2004
3072,12/13/2004
3020,12/10/2004
2975,12/9/2004
2991.5,12/8/2004
3137,12/7/2004
3092,12/6/2004
3134.5,12/3/2004
3217,12/2/2004
3246.5,12/1/2004
3262,11/30/2004
3275,11/29/2004
3204.5,11/26/2004
3270,11/25/2004
3253,11/24/2004
3210,11/23/2004
3146,11/22/2004
3165,11/19/2004
3184,11/18/2004
3121,11/17/2004
3115,11/16/2004
3115,11/15/2004
3125,11/12/2004
3076,11/11/2004
3084.5,11/10/2004
3059,11/9/2004
3101,11/8/2004
3030.5,11/5/2004
3025,11/4/2004
2974,11/3/2004
2950.5,11/2/2004
2955.5,11/1/2004
2951,10/29/2004
2835,10/28/2004
2890,10/27/2004
2864,10/26/2004
2899,10/25/2004
2923,10/22/2004
2920,10/21/2004
2895,10/20/2004
2905,10/19/2004
2905,10/18/2004
2980,10/15/2004
2860,10/14/2004
3043,10/13/2004
3204,10/12/2004
3287,10/11/2004
3232,10/8/2004
3164,10/7/2004
3182,10/6/2004
3122,10/5/2004
3086,10/4/2004
3110,10/1/2004
3140,9/30/2004
3042,9/29/2004
3058,9/28/2004
3066,9/27/2004
3012,9/24/2004
2965,9/22/2004
2951,9/21/2004
2890,9/20/2004
2872,9/17/2004
2872,9/16/2004
2821,9/15/2004
2823,9/14/2004
2833.5,9/13/2004
2774,9/9/2004
2795,9/8/2004
2767.5,9/7/2004
2775,9/6/2004
2814,9/2/2004
2820,9/1/2004
2847,8/31/2004
2822,8/27/2004
2798,8/26/2004
2750,8/25/2004
2804,8/24/2004
2810,8/23/2004
2832,8/20/2004
2835,8/19/2004
2827,8/18/2004
2892,8/17/2004
2948,8/16/2004
2847,8/13/2004
2837,8/12/2004
2870,8/11/2004
2830,8/10/2004
2825,8/9/2004
2842,8/6/2004
2897,8/5/2004
2871,8/4/2004
2875,8/3/2004
2909,8/2/2004
2900,7/30/2004
2855,7/29/2004
2805,7/28/2004
2772,7/27/2004
2802,7/26/2004
2760,7/23/2004
2810,7/22/2004
2819,7/21/2004
2865,7/20/2004
2890,7/19/2004
2910,7/16/2004
2839,7/15/2004
2811,7/14/2004
2865,7/13/2004
2852,7/12/2004
2800,7/9/2004
2740.5,7/8/2004
2758.5,7/7/2004
2753.5,7/6/2004
2767,7/5/2004
2700,7/2/2004
2711,7/1/2004
2664.5,6/30/2004
2675.5,6/29/2004
2689,6/28/2004
2701,6/25/2004
2662,6/24/2004
2608.5,6/23/2004
2593,6/22/2004
2657,6/21/2004
2630,6/18/2004
2656,6/17/2004
2631,6/16/2004
2554,6/15/2004
2615,6/14/2004
2586,6/11/2004
2618,6/10/2004
2730,6/9/2004
2764,6/8/2004
2812,6/7/2004
2718,6/4/2004
2800,6/3/2004
2878,6/2/2004
2865,6/1/2004
2830.5,5/28/2004
2793,5/27/2004
2772,5/26/2004
2761,5/25/2004
2758,5/24/2004
2750,5/21/2004
2650,5/20/2004
2650,5/19/2004
2574.5,5/18/2004
2646,5/17/2004
2701,5/14/2004
2742,5/13/2004
2741,5/12/2004
2693,5/11/2004
2645.5,5/10/2004
2766,5/7/2004
2843,5/6/2004
2805,5/5/2004
2815,5/4/2004
2752,4/30/2004
2721,4/29/2004
2761,4/28/2004
2880,4/27/2004
2860,4/26/2004
2870,4/23/2004
2890,4/22/2004
2940,4/21/2004
3103,4/20/2004
3170,4/19/2004
2975,4/16/2004
2939,4/15/2004
2932,4/14/2004
2929.5,4/13/2004
2985,4/8/2004
3025,4/7/2004
2986,4/6/2004
3040,4/5/2004
3106,4/2/2004
3110,4/1/2004
3067.5,3/31/2004
3105.5,3/30/2004
3100,3/29/2004
3062,3/26/2004
3020,3/25/2004
3055,3/24/2004
3008,3/23/2004
3095,3/22/2004
3076,3/19/2004
3052,3/18/2004
3060,3/17/2004
3040,3/16/2004
3039,3/15/2004
2934.5,3/12/2004
2891,3/11/2004
2867,3/10/2004
2833,3/9/2004
2924,3/8/2004
2897,3/5/2004
2923,3/4/2004
3036,3/3/2004
3055,3/2/2004
3060,3/1/2004
2987,2/27/2004
2949,2/26/2004
3001,2/25/2004
2906,2/24/2004
2878,2/23/2004
2890,2/20/2004
2884,2/19/2004
2983,2/18/2004
2839.5,2/17/2004
2769,2/16/2004
2729.5,2/13/2004
2708,2/12/2004
2607,2/11/2004
2613,2/10/2004
2619.5,2/9/2004
2573,2/6/2004
2589,2/5/2004
2577.5,2/4/2004
2547.5,2/3/2004
2540,2/2/2004
2489,1/30/2004
2497,1/29/2004
2483,1/28/2004
2461,1/27/2004
2460.5,1/26/2004
2455,1/23/2004
2470,1/22/2004
2450,1/21/2004
2429.5,1/20/2004
2446,1/19/2004
2390,1/16/2004
2403,1/15/2004
2399,1/14/2004
2416,1/13/2004
2426,1/9/2004
2337,1/8/2004
2343,1/7/2004
2403,1/6/2004
2370,1/5/2004
2348,1/2/2004
2321,12/31/2003
2278.5,12/30/2003
2293,12/29/2003
2251,12/24/2003
2232.5,12/23/2003
2229.5,12/22/2003
2246.5,12/19/2003
2207.5,12/18/2003
2204,12/17/2003
2208,12/16/2003
2179,12/15/2003
2172,12/12/2003
2155,12/11/2003
2163.5,12/10/2003
2185.5,12/9/2003
2189.5,12/8/2003
2161,12/5/2003
2170,12/4/2003
2159,12/3/2003
2122,12/2/2003
2099,12/1/2003
